mRNA_name,5' UTR Sequence,gene_name,subopt
thrL,ATAGCGCACAGACAGATAAAAATTACAGAGTACACAACATCCA,thrL,1.5
talB,AGACCGGTTACATCCCCCTAACAAGCTGTTTAAAGAGAAATACTATCA,talB,1.5
0rpsT,GCCTTTGAATTGTCCATATAGAACACATTTGGGAGTTGGACCT,rpsT,1.5
rpsT,GCCATCACTACGTAACGAGTGCCGGCACATTAACGGCGCTTATTTGCACAAATCCATTGACAAAAGAAGGCTAAAAGGGCATATTCCTCGGCCTTTGAATTGTCCATATAGAACACATTTGGGAGTTGGACCT,rpsT,1.5
0dapB,TAATTATCAGCGTTTTTGGCTGGCGGCGTAGCGATGCGCTGGTTACTCTGAAAACGGTCTATGCAAATTAACAAAAGAGAATAGCTA,dapB,1.5
dapB,GGTCTATGCAAATTAACAAAAGAGAATAGCTA,dapB,1.5
leuL,ATATCGCATTCATCTGGAGCTGATTTAA,leuL,1.5
0aroP,AACTTCTTTGATGTAAACAAATTAATACAACAAACGGAATTGCAAACTTACACACGCATCACTGCGTAGATCAAAAAAACAACCACCGCACGAGGTTTCA,aroP,1.5
aroP,AAGTCTTTTTGTAACAATTCAAACTTCTTTGATGTAAACAAATTAATACAACAAACGGAATTGCAAACTTACACACGCATCACTGCGTAGATCAAAAAAACAACCACCGCACGAGGTTTCA,aroP,1.5
lpdA,GGATAGAACGACCCGGTGGTGGTTAGGGTATTACTTCACATACCCTATGGATTTCTGGGTGCAGCAAGGTAGCAAGCGCCAGAATCCCCAGGAGCTTACATAAGTAAGTGACTGGGGTGAGGGCGTGAAGCTAACGCCGCTGCGGCCTGAAAGACGACGGGTATGACCGCCGGAGATAAATATATAGAGGTCATGA,lpdA,1.5
acnB,TGCGGTACTGGGCATTTACCCTACAAACTGCTGTCTCACAGGAGCGTGAAGAGAATCGCCTGCCGCACTATGACAATGAGAGCGAGGAGAACCGTCG,acnB,1.5
0gcd,GCTACTAAAATATTAATGAATTGAAATGGTGTCTCTTTA,gcd,1.5
gcd,AAACCTATAATTAATTGCTACTAAAATATTAATGAATTGAAATGGTGTCTCTTTA,gcd,1.5
dapD,TGTGTTTACTGATATGAAAAGAGTTTAACAA,dapD,1.5
frr,ACTTCCACTGTGTGTGACTGTCTGGTCTGACTGAGACAAGTTTTCAAGGATTCGTAACG,frr,1.5
proS,ACTTTTTTTTGTCCCAGGCTCGCCTTGAGCCTGTTCTACCTTCCAACTGGAACCGTAACAACA,proS,1.5
aspV,CCCAACGGAACACAACGCG,aspV,1.5
gpt,GCGCAACCTATTTTCCCCTCGAACACTTTTTAAGCCGTAGATAAACAGGCTGGGACACTTCACA,gpt,1.5
proC,AGCGATTATCAAAACAATGAATTTCACGGCAGGAGTGAGGCAA,proC,1.5
0malZ,ATTTTCATCACAGGGGAATTATGA,malZ,1.5
malZ,ATTTTCATCACAGGGGAATTATGA,malZ,1.5
0tsx,CTCTGTATACGAAATATTTAGAAACGCAATTTGCGCCTTTTTCACTCCCGCAAGGGATTTTCAAACAGTGGCATACATA,tsx,1.5
tsx,ATCACCTGGATTGATAGTAAAAGTTTGCAACAAGGGCGAAAGTCAGTACAATCCCCGCCCGAATGTGTGTAAACGTGAACGCAATCGATTACGTAAATGATAGAACTGTGAAACGAAACATATTTTTGTGAGCAATGATTTTTATAATAGGCTCCTCTGTATACGAAATATTTAGAAACGCAATTTGCGCCTTTTTCACTCCCGCAAGGGATTTTCAAACAGTGGCATACATA,tsx,1.5
yajG,GAATTTTTACCAAACACGCTTAAGAGTCTCTGAGAGCCCGAACA,yajG,1.5
0bolA,ACGCTTGACGGAAAAACCAGGACGAAACCTAAATATTTGTTGTTAAGCTGCAATGGAAACGGTAAAAGCGGCTAGTATTTAAAGGGATGGATGACATCTCAGCGTTGTCGGAGGAGATATTTCA,bolA,1.5
bolA,GATGGATGACATCTCAGCGTTGTCGGAGGAGATATTTCA,bolA,1.5
0hupB,TTTTTTTGTCTCGCTAAGTTAGATGGCGGATCGGGCTTGCCCTTATTAAGGGGTGTTGTAAGGGGATGGCTGGCCTGATATAACTGCTGCGCGTTCGTACCTTGAAGGATTCAAGTGCGATATAAATTATAAAGAGGAAGAGAAGAG,hupB,1.5
1hupB,TTTTTTTGTCTCGCTAAGTTAGATGGCGGATCGGGCTTGCCCTTATTAAGGGGTGTTGTAAGGGGATGGCTGGCCTGATATAACTGCTGCGCGTTCGTACCTTGAAGGATTCAAGTGCGATATAAATTATAAAGAGGAAGAGAAGAG,hupB,1.5
2hupB,GGATCGGGCTTGCCCTTATTAAGGGGTGTTGTAAGGGGATGGCTGGCCTGATATAACTGCTGCGCGTTCGTACCTTGAAGGATTCAAGTGCGATATAAATTATAAAGAGGAAGAGAAGAG,hupB,1.5
3hupB,GGATCGGGCTTGCCCTTATTAAGGGGTGTTGTAAGGGGATGGCTGGCCTGATATAACTGCTGCGCGTTCGTACCTTGAAGGATTCAAGTGCGATATAAATTATAAAGAGGAAGAGAAGAG,hupB,1.5
4hupB,GCGTTCGTACCTTGAAGGATTCAAGTGCGATATAAATTATAAAGAGGAAGAGAAGAG,hupB,1.5
5hupB,GCGTTCGTACCTTGAAGGATTCAAGTGCGATATAAATTATAAAGAGGAAGAGAAGAG,hupB,1.5
6hupB,AAGAGAAGAG,hupB,1.5
hupB,AAGAGAAGAG,hupB,1.5
0htpG,CATCCTGTTTTTAACCTTAAAATGGCATTATTGAGGTAGACCTACA,htpG,1.5
htpG,TTTAACCTTAAAATGGCATTATTGAGGTAGACCTACA,htpG,1.5
aes,GTTTCAATATCAGCAGGCGGGATCGCATTTTCATGGCAGTGGTTCCTTACAATGACGTAATTTGAAAGGAGTTTTTGTA,aes,1.5
pheP,CTCAACAAAAAAGACACACAGGGGAAAGGCG,pheP,1.5
0cstA,AATGTAACATCTCTATGGACACGCACACGGATAACAACTA,cstA,1.5
1cstA,TCTCTATGGACACGCACACGGATAACAACTA,cstA,1.5
cstA,ACACGCACACGGATAACAACTA,cstA,1.5
nagE,AGATGATCTAACAATCTGATTACAGAACATCGGCAGTACAATTTGCAGCAAAATAAAAATACGGCTTGAAACGAGCCAAATAGGGTTCTCGTAGGGGGAATAAGA,nagE,1.5
0glnS,AGATTATCAATTTTAAAAAACTAACAGTTGTCAGCCTGTCCCGCTTATAAGATCATACGCCGTTATACGTTGTTTACGCTTTGAGGAATCCACGA,glnS,1.5
glnS,GTTATACGTTGTTTACGCTTTGAGGAATCCACGA,glnS,1.5
0fur,ATTATCTCAAGAGCAAATTCTGTCACTTCTTCTAATGAAGTGAACCGCTTAGTAACAGGACAGATTCCGCA,fur,1.5
1fur,ATTATCTCAAGAGCAAATTCTGTCACTTCTTCTAATGAAGTGAACCGCTTAGTAACAGGACAGATTCCGCA,fur,1.5
2fur,GATACGCATTATCTCAAGAGCAAATTCTGTCACTTCTTCTAATGAAGTGAACCGCTTAGTAACAGGACAGATTCCGCA,fur,1.5
fur,GATACGCATTATCTCAAGAGCAAATTCTGTCACTTCTTCTAATGAAGTGAACCGCTTAGTAACAGGACAGATTCCGCA,fur,1.5
0gltA,TTCGGATTGCTAAGTACTTGATTCGCCATTTATTCGTCATCAATGGATCCTTTACCTGCAAGCGCCCAGAGCTCTGTACCCAGGTTTTCCCCTCTTTCACAGAGCGGCGAGCCAAATAAAAAACGGGTAAAGCCAGGTTGATGTGCGAAGGCAAATTTAAGTTCCGGCAGTCTTACGCAATAAGGCGCTAAGGAGACCTTAAA,gltA,1.5
gltA,TGAAGTCGGTATTTCACCTAAGATTAACTTATGTAACAGTGTGGAAGTATTGACCAATTCATTCGGGACAGTTATTAGTGGTAGACAAGTTTAATAATTCGGATTGCTAAGTACTTGATTCGCCATTTATTCGTCATCAATGGATCCTTTACCTGCAAGCGCCCAGAGCTCTGTACCCAGGTTTTCCCCTCTTTCACAGAGCGGCGAGCCAAATAAAAAACGGGTAAAGCCAGGTTGATGTGCGAAGGCAAATTTAAGTTCCGGCAGTCTTACGCAATAAGGCGCTAAGGAGACCTTAAA,gltA,1.5
mngR,GATGAATTTATCGGGCATAATGGTTAAATTCGTATTAATGAGATACTAAAAA,mngR,1.5
aroG,TATTGCATTCACTAAGATAAGTATGGCAACACTGGAACAGACA,aroG,1.5
0galE,ATACCATAAGCCTAATGGAGCGAATTA,galE,1.5
galE,ATACCATAAGCCTAATGGAGCGAATTA,galE,1.5
ompX,AGGACTTATTTGAATCACATTTGAGGTGGTTA,ompX,1.5
0cmr,TAATGTAAGAATGTGCTTAACCGTGGTTTCAGCTACAAAATTCGCTTTCTCGTTAGCTGCGCTTTTATTAAACTCTGCGCGATTATTATTGGCGAAGAAATTGCA,cmr,1.5
cmr,GATTATTATTGGCGAAGAAATTGCA,cmr,1.5
artJ,ATGCCGCAGACACGGCCAAAAATCATAAGATTGACAGACGGGAGTTCCATCA,artJ,1.5
0serW,GTTGCCACCCATGAGGTTTGGTAGCAAAACAATTTG,serW,1.5
serW,TTGACCGTTTTACTCCAACTCCCTATAGTAGCGCCCCGTTGCCACCCATGAGGTTTGGTAGCAAAACAATTTG,serW,1.5
0infA,GGTTCAAATTACGGTAGTGATACCCCAGAGGATTAGA,infA,1.5
infA,CGCAGAGTTGGTTACGCTCATTACCCCGCTGCCGATAAGGAATTTTTCGCGTCAGGTAACGCCCATCGTTTATCTCACCGCTCCCTTATACGTTGCGCTTTTGGTGCGGCTTAGCCGTGTGTTTTCGGAGTAATGTGCCGAACCTGTTTGTTGCGATTTAGCGCGCAAATCTTTACTTATTTACAGAACTTCGGCATTATCTTGCCGGTTCAAATTACGGTAGTGATACCCCAGAGGATTAGA,infA,1.5
pflA,AAACAGACTCGACGTAGCCTTCGAGCTGCGCACCAACACGGCCTCAGATGGGCCACATCTGGAGAAACACCGCAA,pflA,1.5
0pflB,ATCCACTTAAGAAGGTAGGTGTTACA,pflB,1.5
1pflB,GTCATTTACCTGCGTGAAAACGACCACCATTAATGGTTGTCGAAGTACGCAGTAAATAAAAAATCCACTTAAGAAGGTAGGTGTTACA,pflB,1.5
2pflB,TTCTCACCTGACCGTGATGAATTTCATCACTGATAACCTGATTCCGGTTACGATCGGCAACATTATCGGTGGTGGTTTGTTGGTTGGGTTGACATACTGGGTCATTTACCTGCGTGAAAACGACCACCATTAATGGTTGTCGAAGTACGCAGTAAATAAAAAATCCACTTAAGAAGGTAGGTGTTACA,pflB,1.5
3pflB,GGTTTTGAGCACAGTATCGCAAACATGTTTATGATCCCGATGGGTATTGTAATCCGCGACTTCGCATCCCCGGAATTTTGGACCGCAGTCGGTTCTGCACCGGAAAATTTTTCTCACCTGACCGTGATGAATTTCATCACTGATAACCTGATTCCGGTTACGATCGGCAACATTATCGGTGGTGGTTTGTTGGTTGGGTTGACATACTGGGTCATTTACCTGCGTGAAAACGACCACCATTAATGGTTGTCGAAGTACGCAGTAAATAAAAAATCCACTTAAGAAGGTAGGTGTTACA,pflB,1.5
pflB,TGAGTTATTCTGGCCGCAGCCTGATGGACAAAGCGTTCATTATGGTGCTGCCGGTCGCGATGTTTGTTGCCAGCGGTTTTGAGCACAGTATCGCAAACATGTTTATGATCCCGATGGGTATTGTAATCCGCGACTTCGCATCCCCGGAATTTTGGACCGCAGTCGGTTCTGCACCGGAAAATTTTTCTCACCTGACCGTGATGAATTTCATCACTGATAACCTGATTCCGGTTACGATCGGCAACATTATCGGTGGTGGTTTGTTGGTTGGGTTGACATACTGGGTCATTTACCTGCGTGAAAACGACCACCATTAATGGTTGTCGAAGTACGCAGTAAATAAAAAATCCACTTAAGAAGGTAGGTGTTACA,pflB,1.5
ihfB,ACTAAGGGCGGCTACGGCCGCCCTTAATCAATGCAGCAACAGCAGCCGCTTAATTTGCCTTTAAGGAACCGGAGGAATCA,ihfB,1.5
ompF,AGACACATAAAGACACCAAACTCTCATCAATAGTTCCGTAAATTTTTATTGACAGAACTTATTGACGGCAGTGGCAGGTGTCATAAAAAAAACCATGAGGGTAATAAATAA,ompF,1.5
rmf,CACATTTAGTAATCACTGTTTTCTTTTCCACCAGAAACCAGTATGAGGGAAACGAGGCA,rmf,1.5
0serT,TCATTCCG,serT,1.5
serT,TCATTCCG,serT,1.5
agp,GATTGATAACAAAAGAGGTGCCAGGAA,agp,1.5
0putP,TAAATCGATTGTGAATAACCAGCGCTTCCGGCAGGATACGGTCGCCCTGGTAAAACATAAACTCTGTTACCCCGTTCCGGTGGCAGATATAACGGCAAGTTTCGACATTGCCGATAATAATTTTTTGGAGACTTTAGA,putP,1.5
1putP,TGAATAACCAGCGCTTCCGGCAGGATACGGTCGCCCTGGTAAAACATAAACTCTGTTACCCCGTTCCGGTGGCAGATATAACGGCAAGTTTCGACATTGCCGATAATAATTTTTTGGAGACTTTAGA,putP,1.5
2putP,ACCAGCGCTTCCGGCAGGATACGGTCGCCCTGGTAAAACATAAACTCTGTTACCCCGTTCCGGTGGCAGATATAACGGCAAGTTTCGACATTGCCGATAATAATTTTTTGGAGACTTTAGA,putP,1.5
3putP,CGCCCTGGTAAAACATAAACTCTGTTACCCCGTTCCGGTGGCAGATATAACGGCAAGTTTCGACATTGCCGATAATAATTTTTTGGAGACTTTAGA,putP,1.5
putP,TTTGGAGACTTTAGA,putP,1.5
0phoH,ACTGAAATGGTGTTTTATAGTTAAATATAAGTAAATATATTGTTGCAATAAATGCGAGATCTGTTGTACTTATTAAGTAGCAGCGGAAGTTCCCGGCAGTGATAGTCAGTCACTATGGAGATCGCGGA,phoH,1.5
phoH,TAAGTAGCAGCGGAAGTTCCCGGCAGTGATAGTCAGTCACTATGGAGATCGCGGA,phoH,1.5
0serX,CCAGCAAGACAGGAACGACAATTTG,serX,1.5
1serX,CCAGCAAGACAGGAACGACAATTTG,serX,1.5
2serX,CCAGCAAGACAGGAACGACAATTTG,serX,1.5
serX,CCAGCAAGACAGGAACGACAATTTG,serX,1.5
acpP,AACCATCGCGAAAGCGAGTTTTGATAGGAAATTTAAGAGTA,acpP,1.5
fhuE,TGCATTTACAAACAAAATTATTCGCACACTAAATATAATCGCTCATCACCCTCCTCCGGCATGAGCCTGACGACAACATAAACCAAGAGATTTCAAA,fhuE,1.5
0fadR,AACTTTGTTTTGCTGTGTTATGGAAATCTCACTA,fadR,1.5
fadR,GCTGTGTTATGGAAATCTCACTA,fadR,1.5
prs,CGTCGCGCCTGACTGGGACAGGGGCCTGTGTCTTTGCTGAATTTGATACAGAGTCTGAAGCCCGCCAGGTGCTAGAGCAAGCCCCGGAATGGCTCAATGGCTTTGTGGCGAAAGGCGCTAATCTTTCCCCATTGCACAGAGCCATGCTTTAAGCCGGGCAAGCTGAGTTTCGGTGACAACGTCACCTTGTTCCAGACGTTGCATCGCGCTCTTTAATACACCGCCTGGAAAGGATCATGCCTGGCCCGCACAGTTTTCGGCAGATTCTTTCCACCAATGGACGCATGCCTGAGGTTCTTCTCG,prs,1.5
kdsA,GTAATCCGCAAATTGCTGGATACACTCAAAGCCTCGTTGATGGAAGAAAATCAGATGGAGCTGGCGTTACGCACCAGCGAAGCTTTATTACAATTCAACCCTGAAGATCCCTATGAAATTCGCGATCGCGGGTTGATTTATGCGCAACTGGATTGCGAACACGTTGCGTTGAACGATTTAAGTTATTTCGTTGAACAGTGTCCGGAAGACCCGATCAGCGAAATGATCCGTGCGCAAATAAATAACATCGCGCATAAACATATTGTGCTGCATTAATTAATCGACATTTTACTCAAGATTAAGGCGATCCTA,kdsA,1.5
hns,AACAAACCACCCCAATATAAGTTTGAGATTACTACAA,hns,1.5
tonB,GACCTGGTTTTTCTACTGAAATGATTATGACTTCAA,tonB,1.5
yciE,ACAATTAGGTTACCGTAAAGCAGCGAAGCTTCTGAAAGAAACCCTGGAAGAAGAAAAGGCCACCGACATCAAACTGACTGATCTGGCCATTAATAACGTAAATAAGAAAGCCGAAAATAAAGCCTGAAATATGAATTTTAACTTTTAGTCATTTTATAAAGAGGACATTTTCA,yciE,1.5
yciG,GTGTCGACACACAACACTCATATTAATGAAACAATGCAACGCAACGGGAGAAATAACA,yciG,1.5
trpL,AAGTTCACGTAAAAAGGGTATCGACAA,trpL,1.5
cysB,GTATTAGTCACCCGCCAGGTGTGACGAAAAAACGATGTTCTGATGGCGTCTAAGTGGATGGTTTAACA,cysB,1.5
0ribA,ATACAGAACCAGCATTATCTGGAGAATTTCA,ribA,1.5
ribA,GTCGTGATTAGGTGAACCCCTTCTCGTTATGGCAAAATAAGCCAATACAGAACCAGCATTATCTGGAGAATTTCA,ribA,1.5
0rnb,AGCCGCTCTAATGGCCACCAAAATAGACAATTA,rnb,1.5
rnb,ACCCGAGCACCCGATCGCTTTAGCGCCGCCCAGTTCAGCCCTTTACTCGAACACGAAAAATCATCAACGCAGATTATTAATCTGCTGGTATGGAGCGGGCTGTGTGGCTGGATAAATCGCTTAAAAATCGCGTTGGGTGAGACATATTAACCTTGCCGCGTCAGACAGATTCGCGTAAAACTGTCAGCCGCTCTAATGGCCACCAAAATAGACAATTA,rnb,1.5
0pspF,AAGTGGCGAATTTCATCA,pspF,1.5
1pspF,AGCGAATTACACTAACAAGTGGCGAATTTCATCA,pspF,1.5
pspF,GCTGAACTGTTAATACAATTTGCGTGCCAATTTTTTATCTTTTTGATTTATAAAGATCTGATTGAAGAATCAACAGCAACATGCCAGGATGAGTTAGCGAATTACACTAACAAGTGGCGAATTTCATCA,pspF,1.5
tyrR,ATTGTTCTTTTTTCAGGTGAAGGTTCCCA,tyrR,1.5
fnrS,G,fnrS,1.5
feaB,AGTCTTGTCAGGCATAGAGACATAAGCGGTTATTGTCACGATTTGCGGAGCTTGTCACAGCTGACAAAGCGAATGTCACAGCGAAAAAAGTGACTTTTCTTGTCGCTGCGTACACTGAAATCACACTGGGTAAATAATAAGGAAAAGTGA,feaB,1.5
asr,AACGGCCCCGCAGTGGGGTTAAATGAAAAAACAAATTGAGGGTATGACAA,asr,1.5
fumA,TTTAACAGGGCAACGGAACACCCGCCCAGAGCATAACCAAACCAGGCAGTAAGTGAGAGAACAA,fumA,1.5
malI,AAGGTAAAACGTTTTATCTGTCACATAATCAGGGAGTAGGTCATCTGCA,malI,1.5
lhr,GATAACGCTCAACTTACCGGTCTGTGCGACCGTTTTCGTGGTTTTTATCCTGTTGTGATCGATGTTGAAACAGCCGGATTTAACGCCAAAACCGATGCGCTGCTTGAGATTGCCGCCATCACCCTGAAAATGGATGAACAAGGCTGGCTGATGCCGGACACCACATTACATTTCCACGTCGAACCATTTGTCGGCGCAAATTTGCAACCAGAAGCCCTCGCCTTCAACGGCATTGACCCGAACGATCCCGATCGCGGCGCGGTCAGCGAATACGAGGCGCTGCACGAAATTTTTAAAGTTGTACGTAAAGGTATTAAAGCGAGCGGCTGTAACCGCGCCATTATGGTGGCGCACAATGCCAATTTTGATCACAGCTTTATGATGGCCGCCGCAGAACGCGCCTCACTGAAACGTAACCCGTTCCACCCTTTCGCCACTTTTGACACTGCTGCACTGGCCGGGCTGGCACTCGGACAAACCGTATTGTCAAAGGCTTGCCAGACCGCTGGCATGGACTTCGACAGCACCCAGGCGCACTCCGCGCTGTACGACACCGAACGCACTGCTGTGCTGTTTTGTGAAATCGTCAACCGCTGGAAACGTCTGGGAGGCTGGCCGCTATCTGCCGCCGAAGAGGTGTAATCGAGTCGATGCCTGATGACATGCAATGATTCAGGCATCTATAGTGAGGCTATTCCACGCATCCTGCATGATATTCACGGGGAATAGCGTTAA,lhr,1.5
sodB,ATACGCACAATAAGGCTATTGTACGTATGCAAATTAATAATAAAGGAGAGTAGCAA,sodB,1.5
0aroH,ACCACCCGGCGAGGTGTGACACACCTCGCACTTGAAATCAGCAGCGATTGGTTTATCGTGATGCGCATCACTTCCCGGCAGTCCTGCCGTAGAAGCAACAAATTTCTGAGACTTGTAA,aroH,1.5
aroH,ATCACTTCCCGGCAGTCCTGCCGTAGAAGCAACAAATTTCTGAGACTTGTAA,aroH,1.5
ihfA,GACGTGTACCGCGGTAAGGGTGTTGCGGAGGGGTATAAGAGCCTCGCCATAAGCCTGATCCTGCAAGATACCAGCCGTACACTCGAAGAAGAGGAGATTGCCGCTACCGTCGCCAAATGTGTAGAGGCATTAAAAGAGCGATTCCAGGCATCATTGAGGGATTGAACCTA,ihfA,1.5
pheM,TTTTGAAGAGTACCAAAAGGTAACGCAAGCAA,pheM,1.5
rplT,ACAGGAGAGCACATA,rplT,1.5
infC,AGCACTTTTGGCTTCGAGAAGATCGTCGTCAAACTCTCCACTCGTCCTGAAAAACGTATTGGCAGCGACGAAATGTGGGATCGTGCTGAGGCGGACCTGGCGGTTGCGCTGGAAGAAAACAACATCCCGTTTGAATATCAACTGGGTGAAGGCGCTTTCTACGGTCCGAAAATTGAATTTACCCTGTATGACTGCCTCGATCGTGCATGGCAGTGCGGTACAGTACAGCTGGACTTCTCTTTGCCGTCTCGTCTGAGCGCTTCTTATGTAGGCGAAGACAATGAACGTAAAGTACCGGTAATGATTCACCGCGCAATTCTGGGGTCGATGGAACGTTTCATCGGTATCCTGACCGAAGAGTTCGCTGGTTTCTTCCCGACCTGGCTTGCGCCGGTTCAGGTTGTTATCATGAATATTACCGATTCACAGTCTGAATACGTTAACGAATTGACGCAAAAACTATCAAATGCGGGCATTCGTGTTAAAGCAGACTTGAGAAATGAGAAGATTGGCTTTAAAATCCGCGAGCACACTTTGCGTCGCGTCCCATATATGCTGGTCTGTGGTGATAAAGAGGTGGAATCAGGCAAAGTTGCCGTTCGCACCCGCCGTGGTAAAGACCTGGGAAGCATGGACGTAAATGAAGTGATCGAGAAGCTGCAACAAGAGATTCGCAGCCGCAGTCTTAAACAATTGGAGGAATAAGGTA,infC,1.5
katE,TTTTTTGACCAAAACAGCGGCCCTTTCAGTAATAAATTAAGGAGACGAGTTCAA,katE,1.5
osmE,ACACGCTGATAAACAAGAGGACGGAATA,osmE,1.5
spy,TCGTCAACACGGCACGCTACTTAAGAAAGCCGTAATAAATAACTGAAAGGAAGGATATAGAATA,spy,1.5
sdaA,ATCGCGGTTTTTGATTAGTTTAATTCATGTGAATAGTTAAGCCAGTCGCCGCGTTCCCTCTTACACTATGCGCTGTTATTAGTTCGTTACTGGAAGTCCAGTCACCTTGTCAGGAGTATTATCG,sdaA,1.5
htpX,ATCGCATATTGCGTTTTGTTAAACTGAGGTAAAAAGAAAATTA,htpX,1.5
0eda,ATTTGTAATCAGGCGAGAGAAAACTCTGA,eda,1.5
1eda,TTTTTAAGACGACAAATTTGTAATCAGGCGAGAGAAAACTCTGA,eda,1.5
eda,ACCGGTGTTTCAAAATTGCGTTAGTTACCGATGGACGACTCTCCGGCGCTTCAGGTAAAGTGCCGTCAGCTATCCACGTAACACCAGAAGCCTACGATGGCGGGCTGCTGGCAAAAGTGCGCGACGGGGACATCATTCGTGTGAATGGACAGACAGGCGAACTGACGCTGCTGGTAGACGAAGCGGAACTGGCTGCTCGCGAACCGCACATTCCTGACCTGAGCGCGTCACGCGTGGGAACAGGACGTGAATTATTCAGCGCCTTGCGTGAAAAACTGTCCGGTGCCGAACAGGGCGCAACCTGTATCACTTTTTAAGACGACAAATTTGTAATCAGGCGAGAGAAAACTCTGA,eda,1.5
ruvC,TCTCTGATGAGGTCGCAGCGACTCTCTGATGAGGCCTGCTAAACAGCAAAACGGAGACGCGTGA,ruvC,1.5
aspS,CTTTTTTCATTCAGTTGTGACATACAGCTAACGCTGCGACTTGGTCACCTGCGCAGCAGGGGGCATCCGCCGGCAGCTAAGTTAAGGGATATCTCA,aspS,1.5
otsA,CATTACAACAAAAAAGAGAAAATAACAGGAGTGATGACTA,otsA,1.5
yecF,CAAAAAACAACCACTGCTATTTTTAGCAAAGCTTATGGTATACTCCGCCGCCTTAACATTTTTCACCGCAAATTTTCATTGCAACATGACGAGGAAAATAAA,yecF,1.5
tcyJ,AGACATAACAACATTCGGGGTGAATA,tcyJ,1.5
amyA,ACGGCTACGCTTCTAATGTTCCCCTTGAATGGAGTCGAAGAA,amyA,1.5
asnT,CACACGATT,asnT,1.5
asnU,AACGATT,asnU,1.5
hisL,ATCAGTTGAATAAACATTCACAGAGACTTTTA,hisL,1.5
metG,CGCCCCTTCTGCCGCCAGCGCCAGTGCCAGGTTTACCGCCGTGGACGATTTACCCACGCCGCCTTTACCGGAACTCACCGCGATAATGTTCTTCACACCGTTAATTCCCGGCTGATTCTTCACGCGTTTCAGAGTGGCTATGTTATGCGACAGTTTCCAGTCGATAGCTTTCGCCCCGGTGATGCGCAGCAGTTCGGCGCTACATTGCTCTTTTAACTCTTCGAACGCGCTATGCCAGACAAACGGCATAACCAGTTCCACATGCAACGTGTCGTCCATCCAGGCGACATGGTGCAACGCTTTCAGCGTGGTGAGGTTATGCTTCAGGGTTGGGTGCTGAAAATTGGCCAGTGTCCCGGCGACCATTGCGCGCAAGGCTTCTGGTGATTTGGCCTGGGATTGTTCGTTCATCCCGACTCCTTTTTTGTATAGATAAACCATCAGCTGATAGTTTACCTGAAGAATATAGAGAAGTACTTACTTAACATTTTCCCATTTGGTACTATCTAACCCCTTTTCACTATTAAGAAGTAATGCCTACTA,metG,1.5
bglX,GCGAGTGAATATTTTGAAAATTCAGACAATAAACTGAGCATTCTTTTTCTCTCTCCATCATGCTTATGGCAAACTACGGTTTTTGCACCATTTTCGCTGCCACGTCGGGCAACAAAGGAAGAAAAATCCATA,bglX,1.5
proL,GAGTC,proL,1.5
0ompC,TTGCCGACTGATTAATGAGGGTTAATCAGTATGCAGTGGCATAAAAAAGCAAATAAAGGCATATAACAGAGGGTTAATAACA,ompC,1.5
1ompC,GTTGGATTATTCTGCATTTTTGGGGAGAATGGACTTGCCGACTGATTAATGAGGGTTAATCAGTATGCAGTGGCATAAAAAAGCAAATAAAGGCATATAACAGAGGGTTAATAACA,ompC,1.5
ompC,AAAAGTTTTAGTATCATATTCGTGTTGGATTATTCTGCATTTTTGGGGAGAATGGACTTGCCGACTGATTAATGAGGGTTAATCAGTATGCAGTGGCATAAAAAAGCAAATAAAGGCATATAACAGAGGGTTAATAACA,ompC,1.5
accD,CATTCATGGTCTGTTGGGGGCAAAAATGGCATTATGCGTCCCCAAAGATAAAACTGGCATCGAACCAGGTTCAGACAGAAAGGTCCCTAA,accD,1.5
fabB,GAAACTTACTCTATGTGCGACTTACAGAGGTATTGAA,fabB,1.5
glk,AAGAATTATTTTGACTTTAGCGGAGCAGTTGAAGAA,glk,1.5
0gltX,ACTTAATTTTTCCAGGATTTGCCGGTTGTCGGCATCTTTCTAAACGTAAGGCCATTTCA,gltX,1.5
1gltX,CCCGAACTACATTGAGGAATCAGGCGGGAGTGATAGAATATCGCCCACTTAATTTTTCCAGGATTTGCCGGTTGTCGGCATCTTTCTAAACGTAAGGCCATTTCA,gltX,1.5
gltX,GGTAGAAACCCGAACTACATTGAGGAATCAGGCGGGAGTGATAGAATATCGCCCACTTAATTTTTCCAGGATTTGCCGGTTGTCGGCATCTTTCTAAACGTAAGGCCATTTCA,gltX,1.5
0xapR,ATGTATTTATTATATGGAGCACTTAATTA,xapR,1.5
1xapR,ATGTATTTATTATATGGAGCACTTAATTA,xapR,1.5
2xapR,GTTTATGTATGTCGGATATCTGGTGGTGAAATACTTTATGCCATGATAATTTAATACGATGTATTTATTATATGGAGCACTTAATTA,xapR,1.5
xapR,GTTTATGTATGTCGGATATCTGGTGGTGAAATACTTTATGCCATGATAATTTAATACGATGTATTTATTATATGGAGCACTTAATTA,xapR,1.5
cysK,GTATCCCAATTTCATACAGTTAAGGACAGGCCA,cysK,1.5
0crr,ACCTTTACCAGCCAATGTCACCGTCCGTGCTGAACTTGATCAAGCAAGTTATTGATGCTTCTCATGCTGAAGGCAAATGGACTGGCATGTGTGGTGAGCTTGCTGGCGATGAACGTGCTACACTTCTGTTGCTGGGGATGGGTCTGGACGAATTCTCTATGAGCGCCATTTCTATCCCGCGCATTAAGAAGATTATCCGTAACACGAACTTCGAAGATGCGAAGGTGTTAGCAGAGCAGGCTCTTGCTCAACCGACAACGGACGAGTTAATGACGCTGGTTAACAAGTTCATTGAAGAAAAAACAATCTGCTAATCCACGAGATGCGGCCCAATTTACTGCTTAGGAGAAGATCA,crr,1.5
crr,GCTGGGGATGGGTCTGGACGAATTCTCTATGAGCGCCATTTCTATCCCGCGCATTAAGAAGATTATCCGTAACACGAACTTCGAAGATGCGAAGGTGTTAGCAGAGCAGGCTCTTGCTCAACCGACAACGGACGAGTTAATGACGCTGGTTAACAAGTTCATTGAAGAAAAAACAATCTGCTAATCCACGAGATGCGGCCCAATTTACTGCTTAGGAGAAGATCA,crr,1.5
bamC,AATCCCGGTGAAATGGGCATGTAAGGAACTGGGTCTTGTGGCGACCGATACGCTGCGCCTGCCAATGACACCAATCACCGACAGTGGTCGTGAGACGGTCAGAGCGGCGCTTAAGCATGCCGGTTTGCTGTAAAGTTTAGGGAGATTTGA,bamC,1.5
glyA,GCCGTTGTCCAACAGGACCGCCTATAAAGGCCAAAAATTTTATTGTTAGCTGAGTCAGGAGATGCGGA,glyA,1.5
clpB,AGTAGCAACTTTGATCCGTTATGGGAGGAGTTA,clpB,1.5
recA,CAACAGAACATATTGACTATCCGGTATTACCCGGCATGACAGGAGTAAAAA,recA,1.5
thyA,ATGGGGCAAATTCTTTCCATCCCGATGATTGTCGCGGGTGTGATCATGATGGTCTGGGCATATCGTCGCAGCCCACAGCAACACGTTTCCTGAGGAACCA,thyA,1.5
lgt,GCACCTTTGGAGCGCCTGAAACCTGCGGCGCGCATTTCAATCGCTGTTCTCTTTCAGCGAAATAACAAGAACTTGTGGTGACAGA,lgt,1.5
ssnA,TGGCGCAAGACTTTGATAACAGCAGCAACCCAGGCTTCCTTGTGGAAGATTGCCGGGTACGAGTACGTCTGAATAACCAAAGCTGGGTGTTAAACATCGACAGCAAAGGTCAGTTTAACAACGTACCACCGGAGCTGAACGATATGTGCCGCATCATCAGCCATGTCCACCAGCATCATCATTATCTGCTGGGCCGCGTGGAGGTGTAATCA,ssnA,1.5
0ssrS,ACTGAACAGTTGGTCTTCATTGCCGCATTGAATATCAGCTATGAGTTAGCGCAAGAAAAAGCAAAGACTCGTGACTACGCGGCAAGTATGGAACAGCGTATTCGGATGCTGCAGCAGACCATAGAACAAGCGTTACTTGAACAAGGTCGCATCACCGAAAAAACTAACCAAAACTTTGAATGACACTTTTCGGTTTACTGTGGTAGAGTAACCGTGAAGACAAAA,ssrS,1.5
ssrS,GAAGACAAAA,ssrS,1.5
rpiA,GAAATTTCATACCACAGGCGAAACGATCA,rpiA,1.5
argP,TTTACCAGGAGCAGACAACAGCAA,argP,1.5
0pgk,TTTTAGAATCAACGAGAGGATTCACCA,pgk,1.5
1pgk,ATGGGGCTTTGCTAACCGAATGCTCGACACGACGTTAGCTATGGCTACTGTTGCTTTCAGGTAAGACGCAAGCAGCGTCTGCAAAACTTTTAGAATCAACGAGAGGATTCACCA,pgk,1.5
pgk,ACGGAATTGCCGTTGGTCTCTGTAGATTTTAACCACGATCCGCACAGTGCCATTGTCGATGGCACCCAAACCCGGGTCAGTGGCGCACACCTGATCAAAACGTTGGTCTGGTGCGATAACGAATGGGGCTTTGCTAACCGAATGCTCGACACGACGTTAGCTATGGCTACTGTTGCTTTCAGGTAAGACGCAAGCAGCGTCTGCAAAACTTTTAGAATCAACGAGAGGATTCACCA,pgk,1.5
0endA,TCCTGATCTGGCTGATTGCATACCAAAACAGCTTTCGCTACGTTGCTGGCTCGTTTTAACACGGAGTAAGTGA,endA,1.5
1endA,TCCTGATCTGGCTGATTGCATACCAAAACAGCTTTCGCTACGTTGCTGGCTCGTTTTAACACGGAGTAAGTGA,endA,1.5
2endA,GTTTTAACACGGAGTAAGTGA,endA,1.5
endA,GTTTTAACACGGAGTAAGTGA,endA,1.5
0ansB,GTTCACGTAACTGGAGGAATGAAA,ansB,1.5
ansB,GTCAAATTTCCCATACAGAGCTAAGGGATAATGCGTAGCGTTCACGTAACTGGAGGAATGAAA,ansB,1.5
pheV,TG,pheV,1.5
exbD,GCACGCCAGATTGGCGGCTTTAAAGCGATGCTGGGTGATGTTGCAGCGCAGGTATTGTTGCTGCAAAGCCGTGACCTGGATCTGGAAGCCAGCGCCGCTGCGCATCCGGTTCGTGTCGCACAAAAATTACGCGCAGGATAATATCCGA,exbD,1.5
0glgS,GAATACTGAAATCAGAAAAAGCATATGGCCTTAAAAGGTATGCGATAACCGGAGGATGTGCTTA,glgS,1.5
glgS,ACTGATTGGGGAATACTGAAATCAGAAAAAGCATATGGCCTTAAAAGGTATGCGATAACCGGAGGATGTGCTTA,glgS,1.5
rpsU,CTTATAAAAGTCCCTTTCAAAAAAGGCCGCGGTGCTTTACAAAGCAGCAGCAATTGCAGTAAAATTCCGCACCATTTTGAAATAAGCTGGCGTTGATGCCAGCGGCAAACCGAATTAATCAAAGGTGAGAGGCACA,rpsU,1.5
0rpoD,GGTTGCTGGTGCAAAATCCAGAATTAGCGACGTTGGTCCCGCCGCTTGAGAATCTGGATGAAAATAAGCTCCCTGGACTTGGCTTATTCAGAGAACTGGTCAACACTTGTCTCTCCCAGCCAGGTCTGACCACCGGGCAACTTTTAGAGCACTATCGTGGTACAAATAATGCTGCCACCCTTGAAAAACTGTCGATGTGGGACGATATAGCAGATAAGAATATTGCTGAGCAAACCTTCACCGACTCACTCAACCATATGTTTGATTCGCTGCTTGAACTGCGCCAGGAAGAGTTAATCGCTCGTGAGCGCACGCATGGTTTAAGCAACGAAGAACGCCTGGAGCTCTGGACATTAAACCAGGAGCTGGCGAAAAAGTGATTTAACGGCTTAAGTGCCGAAGAGCGATCGGGAAGCCCCCGACAGCCGCACTGAGAGGCAGCGGCAAATATATAAGTACGCCCTCGTAATTATCGTTGGCGGTAAACAACCGTTGGATTTCAGCGTTAACGGCTGAAGGACATCGGGTCAATCGCCCAACACCAACCTCATGAAATAAGTGTGGATACCGTCTTA,rpoD,1.5
1rpoD,AATAATGCTGCCACCCTTGAAAAACTGTCGATGTGGGACGATATAGCAGATAAGAATATTGCTGAGCAAACCTTCACCGACTCACTCAACCATATGTTTGATTCGCTGCTTGAACTGCGCCAGGAAGAGTTAATCGCTCGTGAGCGCACGCATGGTTTAAGCAACGAAGAACGCCTGGAGCTCTGGACATTAAACCAGGAGCTGGCGAAAAAGTGATTTAACGGCTTAAGTGCCGAAGAGCGATCGGGAAGCCCCCGACAGCCGCACTGAGAGGCAGCGGCAAATATATAAGTACGCCCTCGTAATTATCGTTGGCGGTAAACAACCGTTGGATTTCAGCGTTAACGGCTGAAGGACATCGGGTCAATCGCCCAACACCAACCTCATGAAATAAGTGTGGATACCGTCTTA,rpoD,1.5
rpoD,AAGAATATTGCTGAGCAAACCTTCACCGACTCACTCAACCATATGTTTGATTCGCTGCTTGAACTGCGCCAGGAAGAGTTAATCGCTCGTGAGCGCACGCATGGTTTAAGCAACGAAGAACGCCTGGAGCTCTGGACATTAAACCAGGAGCTGGCGAAAAAGTGATTTAACGGCTTAAGTGCCGAAGAGCGATCGGGAAGCCCCCGACAGCCGCACTGAGAGGCAGCGGCAAATATATAAGTACGCCCTCGTAATTATCGTTGGCGGTAAACAACCGTTGGATTTCAGCGTTAACGGCTGAAGGACATCGGGTCAATCGCCCAACACCAACCTCATGAAATAAGTGTGGATACCGTCTTA,rpoD,1.5
ileX,TG,ileX,1.5
0rnpB,G,rnpB,1.5
1rnpB,G,rnpB,1.5
rnpB,G,rnpB,1.5
pnp,ATGAATGATCTTCCGTTGCAGAGGTTCGCGCGGCTAATGAGAGGCTTTACCCACATAGAGCTGGGTTAGGGTTGTCATTAGTCGCGAGGATGCGCAGAAGATCGGGTATTAACACCAGTGCCGTAAGGTACTGTCTAAGAAAGAGAAAGGATATTACAT,pnp,1.5
rpsO,GCTTAACGTCGCGTAAATTGTTTAACACTTTGCGTAACGTACACTGGGATCGCTGAATTAGAGATCGGCGTCCTTTCATTCTATATACTTTGGAGTTTTAAAA,rpsO,1.5
0metY,GTTTCAGGC,metY,1.5
1metY,GTTTCAGGC,metY,1.5
2metY,AGATTTTACGTCCCGTCTCGGTACACCAAATCCCAGCAGTATTTGCATTTTTTACCCAAAACGAGTAGAATTTGCCACGTTTCAGGC,metY,1.5
metY,AGATTTTACGTCCCGTCTCGGTACACCAAATCCCAGCAGTATTTGCATTTTTTACCCAAAACGAGTAGAATTTGCCACGTTTCAGGC,metY,1.5
0degQ,GTTTTGAATCTCTTTTCTTATCATTCAGGTACGAGAGCAGGAATAA,degQ,1.5
degQ,GTTTTGAATCTCTTTTCTTATCATTCAGGTACGAGAGCAGGAATAA,degQ,1.5
degS,GTTCCCTTTTTTAATGACGCCTCCATCA,degS,1.5
0mreB,GGATTTTCTTTTCCGCCCCAGCTTTCAGGATTATCCCTTAGTA,mreB,1.5
1mreB,AATTTTCACCGTAGCAGATGATTTTTGCGCCTTGTCGCTGCTGCGTGTGGTTGGTAAAGTAAGCGGATTTTCTTTTCCGCCCCAGCTTTCAGGATTATCCCTTAGTA,mreB,1.5
mreB,GCGCTGCGTCTCATGGGAGTGTGCTTGTCTGCTCGCCAGATTGTTGCAGCACATATGCAGATGAATGACCTTACGCGGTTGCAAACAGGCGAGGAATGCTGCTGATGCATTAAGCCTTTCTGGACTCAGGCAGAGATTTGTAACAAAGGAAACGAACTGCACTAATTTTCACCGTAGCAGATGATTTTTGCGCCTTGTCGCTGCTGCGTGTGGTTGGTAAAGTAAGCGGATTTTCTTTTCCGCCCCAGCTTTCAGGATTATCCCTTAGTA,mreB,1.5
0crp,GATGCTACAGTAATACATTGATGTACTGCATGTATGCAAAGGACGTCACATTACCGTGCAGTACAGTTGATAGCCCCTTCCCAGGTAGCGGGAAGCATATTTCGGCAATCCAGAGACAGCGGCGTTATCTGGCTCTGGAGAAAGCTTATAACAGAGGATAACCGCGCA,crp,1.5
1crp,GCCCCTTCCCAGGTAGCGGGAAGCATATTTCGGCAATCCAGAGACAGCGGCGTTATCTGGCTCTGGAGAAAGCTTATAACAGAGGATAACCGCGCA,crp,1.5
crp,TCCCAGGTAGCGGGAAGCATATTTCGGCAATCCAGAGACAGCGGCGTTATCTGGCTCTGGAGAAAGCTTATAACAGAGGATAACCGCGCA,crp,1.5
mrcA,GTTTGTTTATAAACTGCCCAAATGAAACTAAATGGGAAATTTCCAG,mrcA,1.5
malT,ATTAATTACGAAGCGCAAAAAAAATAATATTTCCTCATTTTCCACAGTGAAGTGATTAACTA,malT,1.5
0glpR,GCGCTGATCTGGATTGTCGCCGGATGGTTTGATTTGTTTGGGATGTCGATGGCGAACGGAGCACACATCGCCGGGTTAGCCGTGGGTTTAGCGATGGCTTTTGTTGATTCGCTCAATGCGCGAAAACGAAAATAATTCCAGGGATTTATAAA,glpR,1.5
glpR,GTGCAGCAAAAATTCAGCGGGCCGTGGTTTGGCGGGCTTTCTGGCGTGGTGTATGCGCTGATGGGCTACGTCTGGCTACGTGGCGAACGCGATCCGCAAAGTGGCATTTACCTGCAACGTGGGTTAATTATCTTTGCGCTGATCTGGATTGTCGCCGGATGGTTTGATTTGTTTGGGATGTCGATGGCGAACGGAGCACACATCGCCGGGTTAGCCGTGGGTTTAGCGATGGCTTTTGTTGATTCGCTCAATGCGCGAAAACGAAAATAATTCCAGGGATTTATAAA,glpR,1.5
gntK,CCGATAACAGTTACCCGTAACATTTTTAATTCTTGTATTGTGGGGGCACCACTT,gntK,1.5
0gntR,AATAATTGTAAACAAGCACTGTTTTCCCCGGGAAGGTTCTGATGTGTCCGTGTTAAACTAAGAGAATCTATCTCTTTTGTACCTTCAGGACGA,gntR,1.5
1gntR,CGCGTCGTTAGCACAATGCGATGCAATTGATTTAGTGTATATCTAATAATTGTAAACAAGCACTGTTTTCCCCGGGAAGGTTCTGATGTGTCCGTGTTAAACTAAGAGAATCTATCTCTTTTGTACCTTCAGGACGA,gntR,1.5
gntR,ACGCTTCCGGGGTTTTGCCGCGTCGTTAGCACAATGCGATGCAATTGATTTAGTGTATATCTAATAATTGTAAACAAGCACTGTTTTCCCCGGGAAGGTTCTGATGTGTCCGTGTTAAACTAAGAGAATCTATCTCTTTTGTACCTTCAGGACGA,gntR,1.5
0rpoH,CGCCAGAAGATATCGATTGAGAGGATTTGAA,rpoH,1.5
1rpoH,TCTTAAGCTCTGGCACAGTTGTTGCTACCACTGAAGCGCCAGAAGATATCGATTGAGAGGATTTGAA,rpoH,1.5
2rpoH,GATAACCTCGTTGCTCTTAAGCTCTGGCACAGTTGTTGCTACCACTGAAGCGCCAGAAGATATCGATTGAGAGGATTTGAA,rpoH,1.5
3rpoH,AGTGAATGATAACCTCGTTGCTCTTAAGCTCTGGCACAGTTGTTGCTACCACTGAAGCGCCAGAAGATATCGATTGAGAGGATTTGAA,rpoH,1.5
rpoH,TGCAATGGGTTCCGTAGCAGGGAAAGAGACCCCGTTGTCTCTTCCCGGTATTTCATCTCTATGTCACATTTTGTGCGTAATTTATTCACAAGCTTGCATTGAACTTGTGGATAAAATCACGGTCTGATAAAACAGTGAATGATAACCTCGTTGCTCTTAAGCTCTGGCACAGTTGTTGCTACCACTGAAGCGCCAGAAGATATCGATTGAGAGGATTTGAA,rpoH,1.5
0uspA,TGGTCTTAACACTGAATCTTTACGGCTGGGTTAGCCCCGCGCACGTAGTTCGCAGGACGCGGGTGACGTAACGGCACAAGAAACGCTAGCTGGCCAGTCATCGACAACTTTATGGAAGGAGTAACACTA,uspA,1.5
1uspA,ATCTTTACGGCTGGGTTAGCCCCGCGCACGTAGTTCGCAGGACGCGGGTGACGTAACGGCACAAGAAACGCTAGCTGGCCAGTCATCGACAACTTTATGGAAGGAGTAACACTA,uspA,1.5
uspA,CTTTACGGCTGGGTTAGCCCCGCGCACGTAGTTCGCAGGACGCGGGTGACGTAACGGCACAAGAAACGCTAGCTGGCCAGTCATCGACAACTTTATGGAAGGAGTAACACTA,uspA,1.5
dinQ,GTTAGCTCTGAGGCATTTTCACTCTGGCAATGCGCATAAACGCTTTCAAAGTCCTGGTCAGAAGTACGGGTGGTGCCGTTAACTGATGCTCTGGCCGGAGTGAGAGAGTTCTTATCTAACAATGAGACATGCGCCGTGACAGGCAGTGGATGAGTAAGCGGATGCATTCTCACTCCATCGCATGGAGAAAACGGG,dinQ,1.5
agrA,T,agrA,1.5
agrB,T,agrB,1.5
0gadW,AAATAATCGCAGTATGAAATATAAGGGATAATCA,gadW,1.5
gadW,TGCTGCATTTACTTATTATCAATTAACTGTTATGCAAAACTACTTTGTGGATAAATTTTGGTCCTACCAAATCTGGCAGTTTTTGCGCTAAGAAACAGTCTGGCATCATTTCATTAGTATACTGAAATTGAAATAATCGCAGTATGAAATATAAGGGATAATCA,gadW,1.5
gadX,TAATATGTTTATGTAATATTAAGTCAACTA,gadX,1.5
ldrD,AAGCCGGAAAGGTTCCGGTGAGGCGCAATGTTGCGGGGGCTTTATCCCTGGTGGCATTGGTTGCTGGAGAGAGAAAACCCCCGCACGTTGCAGGTATGCACCTGACAACACCACGGGGGCTAATCTTGACTCTAGACCACTCAAGAATAGCCGCGAAACGTTGTCATTACAACACAGGCGGCTATA,ldrD,1.5
0proK,TTC,proK,1.5
proK,TTC,proK,1.5
0cspA,AACGGTTTGACGTACAGACCATTAAAGCAGTGTAGTAAGGCAAGTCCCTTCAAGAGTTATCGTTGATACCCCTCGTAGTGCACATTCCTTTAACGCTTCAAAATCTGTAAAGCACGCCATATCGCCGAAAGGCACACTTAATTATTAAAGGTAATACACTA,cspA,1.5
cspA,AAGAGTTATCGTTGATACCCCTCGTAGTGCACATTCCTTTAACGCTTCAAAATCTGTAAAGCACGCCATATCGCCGAAAGGCACACTTAATTATTAAAGGTAATACACTA,cspA,1.5
0malS,AATCGCAGCAATAAGGACTCATCCGCCA,malS,1.5
malS,AATCGCAGCAATAAGGACTCATCCGCCA,malS,1.5
aldB,ACCTCACACCGCAAGGAGACGATCA,aldB,1.5
rph,GCCACATTTGTTTCAAGCCGGAGATTTCAATA,rph,1.5
ivbL,AAATATTGTTAAACACAAAACCAACAAGGTCCCCAA,ivbL,1.5
tisB,GTACGCAATGTGTTATGCGGGGGCCGCATCGTTACCCGGCGCACTAAGTCCTGGCTGAAACGGGTGGTGCCGTCAGCGCCTTAACCCCGCGTGAGCACACTGTGTTATGTCAACAAGCACAACGTTTCTCCTTGAGATACCGCGTGCACAACAGCTGGCAACAGGCAGCGGAAAGGTACGTCAGCTGGCAGTGCTCCTGAACCACAGGAGACGCGTA,tisB,1.5
gyrB,TAACCCAAGTATAAATGAGCGAGAAACGTTGA,gyrB,1.5
0bglG,GAACCTGGATGTTCGTTATAAAAACCATTAATAAATGACTGGATTGTTACTGCATTCGCAGGCAAAACCTGACATAACCAGAGAATACTGGTGAAGTCGGGTTTTTTTGTTTATAAAAAAGGTCCTTGCTA,bglG,1.5
bglG,ACGCAATTAAATTAATTTCCGAACCTGGATGTTCGTTATAAAAACCATTAATAAATGACTGGATTGTTACTGCATTCGCAGGCAAAACCTGACATAACCAGAGAATACTGGTGAAGTCGGGTTTTTTTGTTTATAAAAAAGGTCCTTGCTA,bglG,1.5
pstS,GTAGCCAACAAACAATGCTTTATGAATCCTCCCAGGAGACATTA,pstS,1.5
0ilvL,ATTAAACGCATCATAAAAATCGGCCAAAAAATATCTTGTACTATTTACAAAACCTATGGTAACTCTTTAGGCATTCCTTCGAACAAGATGCAAGAAAAGACAAAA,ilvL,1.5
ilvL,ATTCCTTCGAACAAGATGCAAGAAAAGACAAAA,ilvL,1.5
0ilvA,ACGTCAGGTCTCCTTTGCCCTGCGTGCTTATGCCAGCCTGGCAACCAGCGCCGACAAAGGCGCGGTGCGCGATAAATCGAAACTGGGGGGTTAATAA,ilvA,1.5
ilvA,ACGTCAGGTCTCCTTTGCCCTGCGTGCTTATGCCAGCCTGGCAACCAGCGCCGACAAAGGCGCGGTGCGCGATAAATCGAAACTGGGGGGTTAATAA,ilvA,1.5
ilvY,AACGTCACATTGCAATTTTTGCAACGTCAACATCGAGGGCTGTCCCTG,ilvY,1.5
0rhoL,GACTTCGTATTAAACATACCTTATTAAGTTTGAATCTTGTAATTTCCAACGCTTCCCGTTTTATCTTAAA,rhoL,1.5
1rhoL,GACTTCGTATTAAACATACCTTATTAAGTTTGAATCTTGTAATTTCCAACGCTTCCCGTTTTATCTTAAA,rhoL,1.5
2rhoL,GACTTCGTATTAAACATACCTTATTAAGTTTGAATCTTGTAATTTCCAACGCTTCCCGTTTTATCTTAAA,rhoL,1.5
3rhoL,GACTTCGTATTAAACATACCTTATTAAGTTTGAATCTTGTAATTTCCAACGCTTCCCGTTTTATCTTAAA,rhoL,1.5
rhoL,GACTTCGTATTAAACATACCTTATTAAGTTTGAATCTTGTAATTTCCAACGCTTCCCGTTTTATCTTAAA,rhoL,1.5
0uvrD,ATCTGTATATATACCCAGCTTTTTGGCGGAGGGCGTTGCGCTTCTCCGCCCAACCTATTTTTACGCGGCGGTGCCAA,uvrD,1.5
uvrD,GCGGCGGTGCCAA,uvrD,1.5
spf,G,spf,1.5
0glnA,TACGGCGACACGGCCAAAATAATTGCAGATTTCGTTACCACGACGACCATGACCAATCCAGGAGAGTTAAAGTA,glnA,1.5
1glnA,TACGGCGACACGGCCAAAATAATTGCAGATTTCGTTACCACGACGACCATGACCAATCCAGGAGAGTTAAAGTA,glnA,1.5
2glnA,GCACTATATTGGTGCAACATTCACATCGTGGTGCAGCCCTTTTGCACGATGGTGCGCATGATAACGCCTTTTAGGGGCAATTTAAAAGTTGGCACAGATTTCGCTTTATCTTTTTTACGGCGACACGGCCAAAATAATTGCAGATTTCGTTACCACGACGACCATGACCAATCCAGGAGAGTTAAAGTA,glnA,1.5
glnA,GCACTATATTGGTGCAACATTCACATCGTGGTGCAGCCCTTTTGCACGATGGTGCGCATGATAACGCCTTTTAGGGGCAATTTAAAAGTTGGCACAGATTTCGCTTTATCTTTTTTACGGCGACACGGCCAAAATAATTGCAGATTTCGTTACCACGACGACCATGACCAATCCAGGAGAGTTAAAGTA,glnA,1.5
sodA,ACTGCTTACGCGGCATTAACAATCGGCCGCCCGACAATACTGGAGATGAATA,sodA,1.5
0pfkA,ATTCGTTGGATCACTTCGATGTGCAAGAAGACTTCCGGCAACAGATTTCATTTTGCATTCCAAAGTTCAGAGGTAGTCA,pfkA,1.5
pfkA,CATTTTGCATTCCAAAGTTCAGAGGTAGTCA,pfkA,1.5
cdh,CTTTGAGGTACAGGGAAAAAAAGA,cdh,1.5
trmA,GTACTTTAATTTTTCAGGATACATCA,trmA,1.5
yjaZ,ACTATTCCTGTGTAACTTTCTTAAGGAACGAGAA,yjaZ,1.5
hupA,GCGAAAAAAAGTGGCTATCGGTGCGTGTATGCAGGAGAGTGCTATTCTGGCATTTCCGTCGCACTCGATGCTTAGCAAGCGATAAACACATTGTAAGGATAACTTA,hupA,1.5
yjbE,GAAATGTTTTTGGGTAAATCTCCATTCATTCAATGAAGGGAAATTGTTA,yjbE,1.5
tyrB,ACCACCTGCCCGTAAACCTGGAGAACCATCGCG,tyrB,1.5
uvrA,ACCGTTTGTGATCGCCGGTAGCACCATGCCACCGGGCAAAAAAGCGTTTAATCCGGGAAAGGTGAA,uvrA,1.5
soxR,TTAACTTGAGGTAAAGCGATTTA,soxR,1.5
fdhF,GAGAGCGCGTATGCGTGATTTGATTAACTGGAGCGAGACCGA,fdhF,1.5
rpiB,GGAAGGCGTAATTCATCGATTTTGGGTGTTTTTAATTCATTAACATCACAAATGTTTTTTGATTGTGAAGTTTTGCACGGACGGGGAAGATGAA,rpiB,1.5
adiA,GCAACGAAGATTCCTTCATAACCGGGTAAGCAATGA,adiA,1.5
fumB,ACAGAGTTACAGGCTGGAAGCTA,fumB,1.5
pheU,TG,pheU,1.5
aspA,TATTCGGTCGATGCAGGGGATAATCGTCGGTCGAAAAACATTCGAAACCACATATATTCTGTGTGTTTAAAGCAAATCATTGGCAGCTTGAAAAAGAAGGTTCACA,aspA,1.5
ecnB,TGCTATAGGCAAACATAAATAACATTACCTAAAAGGAAGACGTTA,ecnB,1.5
ampC,ATCGCCAATGTAAATCCGGCCCGCCTATGGCGGGCCGTTTTGTATGGAAACCAGACCCTA,ampC,1.5
0treR,AAACAACACGTTACAGGACAACAGGA,treR,1.5
1treR,AATTAAACAACACGTTACAGGACAACAGGA,treR,1.5
2treR,AAATAATTAAACAACACGTTACAGGACAACAGGA,treR,1.5
treR,TGCTGACAACTAAACCAACGATAAACCAGACTTTACCCATTGCTGAATGCACGGGTAACGTTAGGCTCAAATAATTAAACAACACGTTACAGGACAACAGGA,treR,1.5
0valS,ATTCTCTGAAACAACTGGCGCGCGAACGCTATAAAGCCTACCGCGTGGCTGGTTTCAACCTGAATACGGCAACCTGGAAATAA,valS,1.5
valS,TTATGAAGATTCTCTGAAACAACTGGCGCGCGAACGCTATAAAGCCTACCGCGTGGCTGGTTTCAACCTGAATACGGCAACCTGGAAATAA,valS,1.5
leuX,TTCCGCATACCTCTTCAGTG,leuX,1.5
fimE,TTGTCACATCAGTGATATTTTATTTTTGTATGATATTTAATGTAATTGACTGATAGCCACATCACTCCGTGTGTGGTTATCTTTTTATCTATTGGGCTAATTTTGACCGATTGAGGTTTCCTATAGGTATTCATTCAAATATATCTCAGTTAGGAGTACTACTATTG,fimE,1.5
gntP,CAAAATAACAACGGTTCAACCAGGTAAGGTAAAACGTTA,gntP,1.5
trpR,AGCGAGTACAACCGGGGGAGGCATTTTGCTTCCCCCGCTAACAATGGCGACATATTA,trpR,1.5
creD,ATTGCAAAGGAGAAGACTA,creD,1.5
0arcA,GTTTTTGACACTGTCGGGTCCTGAGGGAAAGTACCCACGACCAAGCTAATGATGTTGTTGACGTTGATGGAAAGTGCATCAAGAACGCAATTACGTACTTTAGTCATGTTACGCCGATCATGTTAATTTGCAGCATGCATCAGGCAGGTCAGGGACTTTTGTACTTCCTGTTTCGATTTAGTTGGCAATTTAGGTAGCAAACA,arcA,1.5
1arcA,AGCCGTTTTTGACACTGTCGGGTCCTGAGGGAAAGTACCCACGACCAAGCTAATGATGTTGTTGACGTTGATGGAAAGTGCATCAAGAACGCAATTACGTACTTTAGTCATGTTACGCCGATCATGTTAATTTGCAGCATGCATCAGGCAGGTCAGGGACTTTTGTACTTCCTGTTTCGATTTAGTTGGCAATTTAGGTAGCAAACA,arcA,1.5
2arcA,GCTGTTAAAATGGTTAGGATGACAGCCGTTTTTGACACTGTCGGGTCCTGAGGGAAAGTACCCACGACCAAGCTAATGATGTTGTTGACGTTGATGGAAAGTGCATCAAGAACGCAATTACGTACTTTAGTCATGTTACGCCGATCATGTTAATTTGCAGCATGCATCAGGCAGGTCAGGGACTTTTGTACTTCCTGTTTCGATTTAGTTGGCAATTTAGGTAGCAAACA,arcA,1.5
3arcA,ACTTGATATATGTCAACGAAGCGTAGTTTTATTGGGTGTCCGGCCCCTCTTAGCCTGTTATGTTGCTGTTAAAATGGTTAGGATGACAGCCGTTTTTGACACTGTCGGGTCCTGAGGGAAAGTACCCACGACCAAGCTAATGATGTTGTTGACGTTGATGGAAAGTGCATCAAGAACGCAATTACGTACTTTAGTCATGTTACGCCGATCATGTTAATTTGCAGCATGCATCAGGCAGGTCAGGGACTTTTGTACTTCCTGTTTCGATTTAGTTGGCAATTTAGGTAGCAAACA,arcA,1.5
4arcA,TAGTTGGATTATTAAAATAATGTGACGAAAGCTAGCATTTAGATACGATGATTTCATCAAACTGTTAACGTGCTACAATTGAACTTGATATATGTCAACGAAGCGTAGTTTTATTGGGTGTCCGGCCCCTCTTAGCCTGTTATGTTGCTGTTAAAATGGTTAGGATGACAGCCGTTTTTGACACTGTCGGGTCCTGAGGGAAAGTACCCACGACCAAGCTAATGATGTTGTTGACGTTGATGGAAAGTGCATCAAGAACGCAATTACGTACTTTAGTCATGTTACGCCGATCATGTTAATTTGCAGCATGCATCAGGCAGGTCAGGGACTTTTGTACTTCCTGTTTCGATTTAGTTGGCAATTTAGGTAGCAAACA,arcA,1.5
5arcA,ATGCAACTAGTTGGATTATTAAAATAATGTGACGAAAGCTAGCATTTAGATACGATGATTTCATCAAACTGTTAACGTGCTACAATTGAACTTGATATATGTCAACGAAGCGTAGTTTTATTGGGTGTCCGGCCCCTCTTAGCCTGTTATGTTGCTGTTAAAATGGTTAGGATGACAGCCGTTTTTGACACTGTCGGGTCCTGAGGGAAAGTACCCACGACCAAGCTAATGATGTTGTTGACGTTGATGGAAAGTGCATCAAGAACGCAATTACGTACTTTAGTCATGTTACGCCGATCATGTTAATTTGCAGCATGCATCAGGCAGGTCAGGGACTTTTGTACTTCCTGTTTCGATTTAGTTGGCAATTTAGGTAGCAAACA,arcA,1.5
arcA,CTGTACTAACGGTTGAGTTGTTAAAAAATGCTACATATCCTTCTGTTTACTTAGGATAATTTTATAAAAAATAAATCTCGACAATTGGATTCACCACGTTTATTAGTTGTATGATGCAACTAGTTGGATTATTAAAATAATGTGACGAAAGCTAGCATTTAGATACGATGATTTCATCAAACTGTTAACGTGCTACAATTGAACTTGATATATGTCAACGAAGCGTAGTTTTATTGGGTGTCCGGCCCCTCTTAGCCTGTTATGTTGCTGTTAAAATGGTTAGGATGACAGCCGTTTTTGACACTGTCGGGTCCTGAGGGAAAGTACCCACGACCAAGCTAATGATGTTGTTGACGTTGATGGAAAGTGCATCAAGAACGCAATTACGTACTTTAGTCATGTTACGCCGATCATGTTAATTTGCAGCATGCATCAGGCAGGTCAGGGACTTTTGTACTTCCTGTTTCGATTTAGTTGGCAATTTAGGTAGCAAACA,arcA,1.5
