mRNA_name,3' UTR Sequence,gene_name,subopt
thrL,ACGCGTACAGGAAACACAGAAAAAAGCCCGCACCTGACAGTGCGGGCTTTTTTTTT,thrL,1.5
talB,ATCATTCTTAGCGTGACCGGGAAGTCGGTCACGCTA,talB,1.5
0rpsT,ATCGCCAATTTGCTGAAGCTTTGTGAAAAAGCCCGCGCAAGCGGG,rpsT,1.5
rpsT,ATCGCCAATTTGCTGAAGCTTTGTGAAAAAGCCCGCGCAAGCGGG,rpsT,1.5
0dapB,ACCACAAAATATTTGTTATGGTGCAAAAATAACACATTTAATTTATTGATTATAAAGGGCTTTAATTTTTGGCCCTTT,dapB,1.5
dapB,ACCACAAAATATTTGTTATGGTGCAAAAATAACACATTTAATTTATTGATTATAAAGGGCTTTAATTTTTGGCCCTTT,dapB,1.5
leuL,AGCCAGCACGCAGTCAAACAAAAAACCCGCGCCATTGCGCGGGTTTTTT,leuL,1.5
0aroP,ATCTCTCTACGCCCTCACCCGTACAGGGTGAGGGC,aroP,1.5
aroP,ATCTCTCTACGCCCTCACCCGTACAGGGTGAGGGC,aroP,1.5
lpdA,ATTTTTCGTTTGCCGGAACATCCGGCAATTAAAAAAGCGGCTAACCACGCCGCTTTTTT,lpdA,1.5
acnB,AAAAGTCAGCGCACGCGCTGCGCATAAACGACACAATGCCCGGTGAATGAGATTCCCGGGC,acnB,1.5
0gcd,AGACTTGCTCAGATTGCTGACAACGTGCGCGTTGT,gcd,1.5
gcd,AGACTTGCTCAGATTGCTGACAACGTGCGCGTTGT,gcd,1.5
dapD,AAAGTATGCACACGGGCAGCACGACGCTGCCCGA,dapD,1.5
frr,ATTTCTTGAACGACAAAAACGCCGCTCAGTAGATCCTTGCGGATCGGCTGGCGGCGTTTTGCTTTTTATT,frr,1.5
proS,ATGCCAGAAAGGGTCCTGAATTTCAGGGCCCTTTTTTT,proS,1.5
aspV,ACTATTCACTCATGAAAATGAGTTCAGAGAGCCGCAAGATTTTTAATTTTGCGGTTTTTTT,aspV,1.5
gpt,ATCTTTTCAACGCCTGGCACTGCCGGGCGTTGTTCTTTTT,gpt,1.5
proC,ATGACTTTCGCCGGACGTCAGGCCGCCACTTCGGTGCGGTTACGTCCGGC,proC,1.5
0malZ,ACGTTTTATAACGCCTTGCGTGACGCCTGCGCCATCATCCGCGGATAAAACTGCCAGAAGCGGGTTTCGAGGGCGTCATAATGAGCGTCTAAATCGTACCAGGAGTCACGCAGGGCATCCAGACGTGGGCGGCGGCTTGCCATGCCGTTTAACACGTTCTGGATGAAATCCATATCG,malZ,1.5
malZ,ACGTTTTATAACGCCTTGCGTGACGCCTGCGCCATCATCCGCGGATAAAACTGCCAGAAGCGGGTTTCGAGGGCGTCATAATGAGCGTCTAAATCGTACCAGGAGTCACGCAGGGCATCCAGACGTGGGCGGCGGCTTGCCATGCCGTTTAACACGTTCTGGATGAAATCCATATCGCGATAGCGCACCAGCCACTGCTCTGACCACAAGTAATTGTTCAGA,malZ,1.5
0tsx,ATTATGAAAATGCCGGGATTTATTCCCGGCATTT,tsx,1.5
tsx,ATTATGAAAATGCCGGGATTTATTCCCGGCATTT,tsx,1.5
yajG,ATTTCTGCCCTCTGGCCCGGTGCAAGCCGGGCC,yajG,1.5
0bolA,AAAACGCATTTGCAACTGTCGGCGCTTTTCCAGTATGTTGCTAAAGATTTTATGAAAAACGGCCTGCGGGCCGTTTT,bolA,1.5
bolA,AAAACGCATTTGCAACTGTCGGCGCTTTTCCAGTATGTTGCTAAAGATTTTATGAAAAACGGCCTGCGGGCCGTTTT,bolA,1.5
0hupB,AGCGTTGTCCCCAGTGGGGA,hupB,1.5
1hupB,AGCGTTGTCCCCAGTGGGGATGTGACGAAGTTCAAGGGCGCATCTACTGATGTGCC,hupB,1.5
2hupB,AGCGTTGTCCCCAGTGGGGA,hupB,1.5
3hupB,AGCGTTGTCCCCAGTGGGGATGTGACGAAGTTCAAGGGCGCATCTACTGATGTGCC,hupB,1.5
4hupB,AGCGTTGTCCCCAGTGGGGA,hupB,1.5
5hupB,AGCGTTGTCCCCAGTGGGGATGTGACGAAGTTCAAGGGCGCATCTACTGATGTGCC,hupB,1.5
6hupB,AGCGTTGTCCCCAGTGGGGA,hupB,1.5
hupB,AGCGTTGTCCCCAGTGGGGATGTGACGAAGTTCAAGGGCGCATCTACTGATGTGCC,hupB,1.5
0htpG,ATGTAATGCCGGATGACCTTCGTGTCATCCGGCATT,htpG,1.5
htpG,ATGTAATGCCGGATGACCTTCGTGTCATCCGGCATT,htpG,1.5
aes,GCGATACGCGGCAACAAGATTAGCCATCATTTCGATATGTTCCGGCGTGGCATTAAGCGCCGGAATATAT,aes,1.5
pheP,AGGCATTCACGCTACATCCGACAAAACGATGTCAACCATCCGAAACCGCTCTCATCCATTCGATGAGAGCGGTTT,pheP,1.5
0cstA,AAGTCAGAGTGAGGGGGGGATGTTGGCGAATGTTGGCTTAGTGCCCAGGGTTCCCTCTCACCCTAACCCTCTCCCCGGTGGGGCGAGGGGACT,cstA,1.5
1cstA,AAGTCAGAGTGAGGGGGGGATGTTGGCGAATGTTGGCTTAGTGCCCAGGGTTCCCTCTCACCCTAACCCTCTCCCCGGTGGGGCGAGGGGACT,cstA,1.5
cstA,AAGTCAGAGTGAGGGGGGGATGTTGGCGAATGTTGGCTTAGTGCCCAGGGTTCCCTCTCACCCTAACCCTCTCCCCGGTGGGGCGAGGGGACT,cstA,1.5
nagE,ATCTGCTTTATGCCTGATGCGACGCTTGAGCGTCGCATCCAACAATGACAAGCGGTGGAGATCTTCTCTGCCGCTT,nagE,1.5
0glnS,ATTTTAAGTTTCGCTATGCCGGATGGGGCGTTTACGTCGCATCCGGCAAGGAACAGACAAACAGTTTCAAACGCTAAATTGCCTGATGCGCTACGCTTATCAGGCCTACATGATCTCTGCAATATATTGAGTTTGCGTGCTTTTGTAGGCCGGATAAGGCGTTCACGCCGCATCCGGCAAGAAACAGCAAACAATCCAAAACGCCGCGTTCAGCGGCGTTTT,glnS,1.5
glnS,ATTTTAAGTTTCGCTATGCCGGATGGGGCGTTTACGTCGCATCCGGCAAGGAACAGACAAACAGTTTCAAACGCTAAATTGCCTGATGCGCTACGCTTATCAGGCCTACATGATCTCTGCAATATATTGAGTTTGCGTGCTTTTGTAGGCCGGATAAGGCGTTCACGCCGCATCCGGCAAGAAACAGCAAACAATCCAAAACGCCGCGTTCAGCGGCGTTTT,glnS,1.5
0fur,AGCCAGCCTGAACGAGAAAAGCCAACCTGCGGGTTGGCTTTTTTATGCAAGGGAAATAAGAAAAGCGAGAGTTACAGCTCTCA,fur,1.5
1fur,AGCCAGCCTGAACGAGAAAAGCCAACCTGCGGGTTGGCT,fur,1.5
2fur,AGCCAGCCTGAACGAGAAAAGCCAACCTGCGGGTTGGCTTTTTTATGCAAGGGAAATAAGAAAAGCGAGAGTTACAGCTCTCA,fur,1.5
fur,AGCCAGCCTGAACGAGAAAAGCCAACCTGCGGGTTGGCT,fur,1.5
0gltA,ATGGTTGATTGCTAAGTTGTAAATATTTTAACCCGCCGTTCATATGGCGGGTTGATTTTT,gltA,1.5
gltA,ATGGTTGATTGCTAAGTTGTAAATATTTTAACCCGCCGTTCATATGGCGGGTTGATTTTT,gltA,1.5
mngR,AGCACAAAAAAGGCCATCATACGATGGCCAACCATGTCGAAACCGACAGC,mngR,1.5
aroG,AGGTTTAATTGTCGGATGCGCCGTCAGAGTGGCGTATCCGATGAATCACCACAGGCCTGATAAGTCGCGCAGCGTCGCATCAGGCAATGTGCTCCATTGTTAGCAACAAAAAAGCCGACTCACTTGCAGTCGGCTTT,aroG,1.5
0galE,AGGAACGACCATGACGCAATTTAATCCCGTTGATCATCCACATCGCCGCTACAACCCGCTCACCGGGCAATGGATTCTGGTTTCACCGCACCGCGCTAAGCGCCCCTGGCAGGGGGCGCAGGAAACGCCAGCCAAACAGGTGTTACCTGCGCACGATCCAGATTGCTTCCTCTGCGCAGGTAATGTGCGGGTGACAGGCGATAAAAACCCCGATTAC,galE,1.5
galE,AGGAACGACCATGACGCAATTTAATCCCGTTGATCATCCACATCGCCGCTACAACCCGCTCACCGGGCAATGGATTCTGGTTTCACCGCACCGCGCTAAGCGCCCCTGGCAGGGGGCGCAGGAAACGCCAGCCAAACAGGTGTTACCTGCGCACGATCCAGATTGCTTCCTCTGCGCAGGTAATGTGCGGGTGACAGGCGATAAAAACCCCGATTACACCGGGACTTACGTTTTCACTAATGACTTTGCGGCTTTGATGTCTGACACGCCAGATGCGCCAGAAAGTCACGATCCGCTGATGCGTTGCCAGAGCGCGCGCGGCACCAGCCGGGTGATCTGCTTTTCACCGGATCACAGTAAAACGCTGCCAGAGCTCAGCGTTGCAGCATTGACGGAAATCGTCAAAACCTGGCAGGAGCAAACCGCAGAACTGGGGAAAACGTACCCATGGGTGCAGGTTTTTGAAAACAAAGGCGCGGCGATGGGCTGCTCTAACCCGCATCCGCACGGTCAGATTTGGGCAAATAGCTTCCTGCCTAACGAAGCTGAGCGCGAAGACCGCCTGCAAAAAGAATATTTTGCCGAACAGAAATCACCAATGCTGGTGGATTATGTTCAGCGCGAGCTGGCAGACGGTAGCCGTACCGTTGTCGAAACCGAACACTGGTTAGCCGTCGTGCCTTACTGGGCTGCCTGGCCGTTCGAAACGCTACTGCTGCCCAAAGCCC,galE,1.5
ompX,ATCACTTTGGTGATATAAAAAATCCGCCTCTCGGGGCGGATTTTT,ompX,1.5
0cmr,AAAAAATGCCTGACTGCTTTGTGCGATCAGGCAT,cmr,1.5
cmr,AAAAAATGCCTGACTGCTTTGTGCGATCAGGCAT,cmr,1.5
artJ,AGATTCAGAAAGCCGCAACCGCGGCTTGAGACTGATGACAAAGGTAAAATTGCCTGATGCGCTACGCTTATCAGGCCTACATGGCCCATGCAATGTATTGAATTTGCACGCTTTTGTAGGCCGGATAAGGCGTTTACGCCGCATCCGGCATAAACAACGCGCACTTTGTCAGCAATCTGAAGCCGCACATGCGGCTT,artJ,1.5
0serW,ATATTTAAAGAAGAGCTCGTACGAAAGTGCGAGCTTTTTTTT,serW,1.5
serW,ATATTTAAAGAAGAGCTCGTACGAAAGTGCGAGCTTTTTTTT,serW,1.5
0infA,ATTGTTTTACCGCCTGATGGGCGAAGAGAAAGAACGAGTAAAAGGTCGGTTTAACCGGCCTTTT,infA,1.5
infA,ATTGTTTTACCGCCTGATGGGCGAAGAGAAAGAACGAGTAAAAGGTCGGTTTAACCGGCCTTTT,infA,1.5
pflA,ATTTCCCCGTAAAGCGGCAACTTTATTGAGTTGCCGCTTT,pflA,1.5
0pflB,ATTAGATTTGACTGAAATCGTACAGTAAAAAGCGTACAATAAAGGCTCCACGAAAGTGGGGCCTTT,pflB,1.5
1pflB,ATTAGATTTGACTGAAATCGTACAGTAAAAAGCGTACAATAAAGGCTCCACGAAAGTGGGGCCTTT,pflB,1.5
2pflB,ATTAGATTTGACTGAAATCGTACAGTAAAAAGCGTACAATAAAGGCTCCACGAAAGTGGGGCCTTT,pflB,1.5
3pflB,ATTAGATTTGACTGAAATCGTACAGTAAAAAGCGTACAATAAAGGCTCCACGAAAGTGGGGCCTTT,pflB,1.5
pflB,ATTAGATTTGACTGAAATCGTACAGTAAAAAGCGTACAATAAAGGCTCCACGAAAGTGGGGCCTTT,pflB,1.5
ihfB,AGTTTTTTACTCAAACTTGAACGAGAGAAAAGCACCTGTCGGGTGCTTTTTTCATTTCTCTA,ihfB,1.5
ompF,ATAGCACACCTCTTTGTTAAATGCCGAAAAAACAGGACTTTGGTCCTGTTTTTTTTATACCTTC,ompF,1.5
rmf,ATTCTGTCTCTTTAAAAAGAAACCTCCGCATTGCGGAGGTTTC,rmf,1.5
0serT,AAATAAGATAAGGGGTTAGCTAAATGCTAACCCCTTTTTCTTTTGCCTGTCGAAATTCTCAGGGCGTTATATTTG,serT,1.5
serT,AAATAAGATAAGGGGTTAGCTAAATGCTAACCCCTT,serT,1.5
agp,ACAGAAAACTCCCCCGCGAGAAGCGGGGGAGT,agp,1.5
0putP,AGGGACTTAGCCTGCGGCGGTTTTGT,putP,1.5
1putP,AGGGACTTAGCCTGCGGCGGTTTTGT,putP,1.5
2putP,AGGGACTTAGCCTGCGGCGGTTTTGT,putP,1.5
3putP,AGGGACTTAGCCTGCGGCGGTTTTGT,putP,1.5
putP,AGGGACTTAGCCTGCGGCGGTTTTGT,putP,1.5
0phoH,AGTGTGTTATCGGTGCAGAGCCCGGGCGAACCGGGCTTTG,phoH,1.5
phoH,AGTGTGTTATCGGTGCAGAGCCCGGGCGAACCGGGCTTTG,phoH,1.5
0serX,ATATTTAAAGAAGAGCTCGTACGAAAGTACGGGCTTTTTTTTCG,serX,1.5
1serX,ATATTTAAAGAAGAGCTCGTACGAAAGTACGGGCTTTTTTTTCGTATATTGCACACACCGGGGGGATGAGAAGCCCCGACCGGGGTTCGACAACTGGCGACAGCCAGTTGGACAGACCGTGAACGCAGTGAGCGGGCTGCCCGCAGGGCGAGCGAAGCGAGTCAATCCCCCCCTCACCGCCATATTTAAAGAAGAGCTCGTACGAAAGTACGGGCTTTTTTTTCGTATATTGCACACACCGGGGGGATGAGAAGCCCCGACCGGGGTTCGACAACTGGCGACAGCCAGTTGGACAGACCGTGAACGCAGTGAGCGGGCTGCCCGCAGGGCGAGCGAAGCGAGTCAATCCCCCCCTCACCGCCATATTTAAAGAAGAGCTCGTACGAAAGTACGGGCTTTTTTTTCG,serX,1.5
2serX,ATATTTAAAGAAGAGCTCGTACGAAAGTACGGGCTTTTTTTTCGTATATTGCACACACCGGGGGGATGAGAAGCCCCGACCGGGGTTCGACAACTGGCGACAGCCAGTTGGACAGACCGTGAACGCAGTGAGCGGGCTGCCCGCAGGGCGAGCGAAGCGAGTCAATCCCCCCCTCACCGCCATATTTAAAGAAGAGCTCGTACGAAAGTACGGGCTTTTTTTTCG,serX,1.5
serX,ATATTTAAAGAAGAGCTCGTACGAAAGTACGGGCTTTTTTTTCGTATATTGCACACACCGGGGGGATGAGAAGCCCCGACCGGGGTTCGACAACTGGCGACAGCCAGTTGGACAGACCGTGAACGCAGTGAGCGGGCTGCCCGCAGGGCGAGCGAAGCGAGTCAATCCCCCCCTCACCGCCATATTTAAAGAAGAGCTCGTACGAAAGTACGGGCTTTTTTTTCGTATATTGCACACACCGGGGGGATGAGAAGCCCCGACCGGGGTTCGACAACTGGCGACAGCCAGTTGGACAGACCGTGAACGCAGTGAGCGGGCTGCCCGCAGGGCGAGCGAAGCGAGTCAATCCCCCCCTCACCGCCATATTTAAAGAAGAGCTCGTACGAAAGTACGGGCTTTTTTTTCGTGTATTGCACACACCGGGGGGATGAGAAGCCCCGACCGGGGGTCGACAACTGGCGACAGCCAGTTGGACAGACCGTGAACGCAGTGAGCGGGCTGCCCGCAGGGCGAGCGAAGCGAGTCAATCCCCCCCTCACCGCCATATTTAAAGAAGAGCTCGTACGAAAGTACGGGCTTTTTTTTCG,serX,1.5
acpP,AGTGAACATCTCCAGGCGGTCGTTCGACCGCCTGAGT,acpP,1.5
fhuE,AATAACACCTGTAAAAAAGGCAGCCATCTGGCTGCCTT,fhuE,1.5
0fadR,ATCCCTTCCGTTTAAAGAGCAAACCCCTCAAACGAGGGGTTT,fadR,1.5
fadR,ATCCCTTCCGTTTAAAGAGCAAACCCCTCAAACGAGGGGTTT,fadR,1.5
prs,ATCGAACCCGGCTCAAAGACCCGCTGCGGCGGGT,prs,1.5
kdsA,ATCTTTTTTGCTTGAAAAATAAAGTATTAGCGTTCTGCGTTAAGACTTT,kdsA,1.5
hns,ATCTTTTGTAGATTGCACTTGCTTAAAATCCCGCCAGCGGCGGGATTTT,hns,1.5
tonB,AGCAGAAAGTCAAAAGCCTCCGACCGGAGGCTTTTGACT,tonB,1.5
yciE,ATACCCTTTATACCATGTCCTTATTGACCCCGTATATTACGGGGTCGTTTT,yciE,1.5
yciG,ATTCACCGTTAATTATTAATATCAGCTGATAAAGATAATTGCATCTGCGGGCCGTATGGCTCGCAGTGATTT,yciG,1.5
trpL,AAACGGGCAGTGTATTCACCATGCGTAAAGCAATCAGATACCCAGCCCGCCTAATGAGCGGGCT,trpL,1.5
cysB,ATTTCTTGCGTTATTTTCGGCACCTTTTATGTAGCGAAGGTGCCGG,cysB,1.5
0ribA,ACCCTCTTGCATTGTGTAATTCATTTGCTTGCCGGAAGCAAAATAACCGGCAAGCAAAT,ribA,1.5
ribA,ACCCTCTTGCATTGTGTAATTCATTTGCTTGCCGGAAGCAAAATAACCGGCAAGCAAAT,ribA,1.5
0rnb,ATCTCCTTTCACGGCCCATTCCTCATGGATGGGCCGT,rnb,1.5
rnb,ATCTCCTTTCACGGCCCATTCCTCATGGATGGGCCGT,rnb,1.5
0pspF,GCGAAGTTGAGCAATACAACTTGCCGGATGCGGCGTGAATGCTTTATTCGGCATACATAATCAATACGTCGTTTGCAGGCCTGATAAGCGCAGCGCATCAGACATTATTGCGTTGGGC,pspF,1.5
1pspF,GCGAAGTTGAGCAATACAACTTGCCGGATGCGGCGTGAATGCTTTATTCGGCATACATAATCAATACGTCGTTTGCAGGCCTGATAAGCGCAGCGCATCAGACATTATTGCGTTGGGC,pspF,1.5
pspF,GCGAAGTTGAGCAATACAACTTGCCGGATGCGGCGTGAATGCTTTATTCGGCATACATAATCAATACGTCGTTTGCAGGCCTGATAAGCGCAGCGCATCAGACATTATTGCGTTGGGC,pspF,1.5
tyrR,AGCGCGAATATGCCTGATGGTGCAACACCATCAGGCATATT,tyrR,1.5
fnrS,TTT,fnrS,1.5
feaB,ATCTGGTTCGCTCATAAGTAAAAAACGGCACCTGGTGCCGTTTTTT,feaB,1.5
asr,AGTTTTCAACAGTAATGCTGGCGCGCCCCCTCGCGCC,asr,1.5
fumA,AACAGAGCCGCCCTTCGGGGCGGTTTT,fumA,1.5
malI,ATCCTCTCTTTATCTGC,malI,1.5
lhr,GAGAAAGGACTGACGGATGCCCGTTCGCATCCGTCAGT,lhr,1.5
sodB,ATAACTGATGGCAAATGCAGCATTGCCTGAAGCGCTACGCTTATCAGGCCTACGCGGATCATCGATGTAGGTCGGATAAGGCACTCGCCGCATCCGGCAAGATAAATCGCACGTTGTCAGCAACTGTAACGCAGAAGGTTATCCTTCTGCGTTTTT,sodB,1.5
0aroH,AATGCGTGCCCATTCCTGACGGAATGGGCA,aroH,1.5
aroH,AATGCGTGCCCATTCCTGACGGAATGGGCA,aroH,1.5
ihfA,ATCTGATCTAACTAAAAAGGCCGCTCTGCGGCCTTTTT,ihfA,1.5
pheM,AATCCAGGAGGCTAGCGCGTGAGAAGAGAAACGGAAAACAGCGCCTGAAAGCCTCCCAGTGGAGGC,pheM,1.5
rplT,AGCCAGTTGAAAGAGGGAGCTAGTCTCCCTC,rplT,1.5
infC,AGGCCTTCAAGTAGCACTGTCTGTGGAGCCTTCGGGCTTCACAGGCTTTGTTCGCCTTTGTT,infC,1.5
katE,ATGGGAGGCGGCGCAATTGCGCCGCCTCAAATGATTTACATAGTGCGCTTTGTTTATGCCGGATGCGGCGTGAACGCCTTATCCGGCCTACAAAACTGTGCAAATTCAATATATTGCAGGAAACACGTAGGCCTGATAAGCGAAGCGCATCAGGC,katE,1.5
osmE,ATCAATTCGTCTGAAAGCTTGAGTAACAACGGAAACCGGCCATTGCGCCGGTTT,osmE,1.5
spy,ATCTTTCAGCCAAAAAACTTAAGACCGCCGGTCTTGTCCACTACCTTGCAGTAATGCGGTGGACAGGATCGGCGGTTTTCTTTT,spy,1.5
sdaA,ATACTTCTTACTCGCCCATCTGCAACGGATGGGCGA,sdaA,1.5
htpX,ATATGAAGTAAATACTAAAAAGCGCGTCCTGATCGACGCGCTTT,htpX,1.5
0eda,AAAGTCAAAATGCCCGATCGAGGATCGGGCA,eda,1.5
1eda,AAAGTCAAAATGCCCGATCGAGGATCGGGCA,eda,1.5
eda,AAAGTCAAAATGCCCGATCGAGGATCGGGCA,eda,1.5
ruvC,AGTTATACCGCCTCGGTCAGTTCCGGCTGAGGCGTTTCCAC,ruvC,1.5
aspS,ATATGACTCAAATACACGAAATCATTCGCGTTGCATCGAGGCGGCAACTGAGTGAACTCCCATGAGCATAGATAACTATGTGAATGGGA,aspS,1.5
otsA,GGAGCGGTTAATCTCCCGTAAGTGGAACTAACAGCACATCGACCTCACTTGAGGCAATAACTCTTTTCGCCGAGCAGGATGCTCGCGAAAAGA,otsA,1.5
yecF,ATATAAAACCGGCTGATAGCGTGCCTTTCAGCCGGTTTTTGCATCTG,yecF,1.5
tcyJ,ATCAGCATAATGACAAAAAAGGGCGCTTTCACTAGCGCCTTTTTT,tcyJ,1.5
amyA,AATTCATCCCCGGCGGCAAGCCGGGGAGATTT,amyA,1.5
asnT,AAATTCTAAAAATTCGCTTTTTTAGCGCAATGTCACTGACCTTAGTTGAACATTGTTTTTTAACGGATAGCGGGTTTTTAACATCTTAAGCGCCCTCGACCTTTATGGTTGAGGGCGTTTTGCTATG,asnT,1.5
asnU,AAATTCCTGAAAAGCCCGCTTTTATAGCGGGATTTTTGCTA,asnU,1.5
hisL,GTCTTTCAGGCGATGTGTGCTGGAAGACATTCAGATCTTCCAGTGGTGCATGAACGCATGAGAAAGCCCCCGGAAGATCACCTTCCGGGGGCTTT,hisL,1.5
metG,ATCCCCCTTCAAGGCGCTGCATCGACAGCGCCTT,metG,1.5
bglX,ATGCTTTAGTAAGGGCGCGACGTTTGCGCCCTT,bglX,1.5
proL,AAAAATCCCAAGAAAAAACCAACCCTTACGGTTGGTTTTTTTATA,proL,1.5
0ompC,ATCTCGATTGATATCGAACAAAGGGCCTGCGGGCCCT,ompC,1.5
1ompC,ATCTCGATTGATATCGAACAAAGGGCCTGCGGGCCCT,ompC,1.5
ompC,ATCTCGATTGATATCGAACAAAGGGCCTGCGGGCCCT,ompC,1.5
accD,ATAACTGATAAGGGCAGGGCCACTGGCTCTGCCCTTTTGCTATTCTCACC,accD,1.5
fabB,ATTCGCAGTAGGTCGGAGTAGACGCGCCAGCGTCGCATCCGACGTTACGCGCCAATGCGGCCTCCGGCACTAACGCAAAAGGGAACCTGATGGTTCCCTTTTT,fabB,1.5
glk,AATCCTTCCTTTTATATCGGGAGGTAACTCTCCCGATA,glk,1.5
0gltX,ATTAGCGTGTAAAAAGATAAACGGCAGGAGATAATATCCTGCCGTTTTTT,gltX,1.5
1gltX,ATTAGCGTGTAAAAAGATAAACGGCAGGAGATAATATCCTGCCGTTTTTT,gltX,1.5
gltX,ATTAGCGTGTAAAAAGATAAACGGCAGGAGATAATATCCTGCCGTTTTTT,gltX,1.5
0xapR,GGTGAGGAGACAGGAATTGCCGGAAATAGTAGTCTGCTAAGTGAAGCGCATCAGGCAATTTCGCAAATCGCAGATAGCAAAAAAGCGCCTTTAGGGCGCTTTTTT,xapR,1.5
1xapR,GGTGAGGAGACAGGAATTGCCGGAAATAGTAGTCTGCTAAGTGAAGCGCATCAGGCAATTTCGCAAATCGCAGATAGCAAAAAAGCGCCTTTAGGGCGCTTTTTTACATTGGTGGGTCGTGCAGGATGACTCGCTTCGCTCGCCCTTCGGGCCGTCGCCGCGAGCGGCTCCGTTGTTTCGCTGCGCTCAACTCAAACCTGCTGCAGGTTCGAATCTTTGAGTATCGCAGATAGTAAAAAAGCGCCTTTAGGGCGCTTTTT,xapR,1.5
2xapR,GGTGAGGAGACAGGAATTGCCGGAAATAGTAGTCTGCTAAGTGAAGCGCATCAGGCAATTTCGCAAATCGCAGATAGCAAAAAAGCGCCTTTAGGGCGCTTTTTT,xapR,1.5
xapR,GGTGAGGAGACAGGAATTGCCGGAAATAGTAGTCTGCTAAGTGAAGCGCATCAGGCAATTTCGCAAATCGCAGATAGCAAAAAAGCGCCTTTAGGGCGCTTTTTTACATTGGTGGGTCGTGCAGGATGACTCGCTTCGCTCGCCCTTCGGGCCGTCGCCGCGAGCGGCTCCGTTGTTTCGCTGCGCTCAACTCAAACCTGCTGCAGGTTCGAATCTTTGAGTATCGCAGATAGTAAAAAAGCGCCTTTAGGGCGCTTTTT,xapR,1.5
cysK,ATGCCAGCTTGTTAAAAATGCGTAAAAAAGCACCTTTTTAGGTGC,cysK,1.5
0crr,ATTCTTGCCGCAGTGAAAAATGGCGCCCATCGGCGCCA,crr,1.5
crr,ATTCTTGCCGCAGTGAAAAATGGCGCCCATCGGCGCCA,crr,1.5
bamC,AAAATACAGGGCTGGAATCATCCGGCCCT,bamC,1.5
glyA,AGCGAAACGGTGATTTGCTGTCAATGTGCTCGTTGTTCATGCCGGATGCGGCGTGAACGCCTTATCCGGCCTACAAAACTTTGCAAATTCAATATATTGCAATCTCCGTGTAGGCCTGATAAGCGTAGCGCATCAGGCAATTTTTCGTTTATGATCATCAAGGCTTCCTTCGGGAAGCCT,glyA,1.5
clpB,AATGATAAAACGAGCCCTTCGGGGCTCGTTTTTGTCTATAAGTT,clpB,1.5
recA,ATCGTCTTGTTTGATACACAAGGGTCGCATCTGCGGCCC,recA,1.5
thyA,ATTACGAAACATCCTGCCAGAGCCGACGCCAGTGTGCGTCGG,thyA,1.5
lgt,AGGAACCATGAAACAGTATTTAGAACTGATGCAAAAAGTGCTCGACGAAGGCACACAGAAAAACGACCGTACCGGAACCGGAACGCTTTCCATTTTT,lgt,1.5
ssnA,AATGACAGATGCCCTCTTCCCGCAGGGAAGAGGG,ssnA,1.5
0ssrS,CCCTTCTTATCTGGCACCAGCCATGACGCAACTACCAGAACTCCCACTGACATTATCCCGACAAGAAATCCGCAAAATGATTCGGCAACGTCGTCGTGCGTTAACGCCGGAACAACAGC,ssrS,1.5
ssrS,CCCTTCTTATCTGGCACCAGCCATGACGCAACTACCAGAACTCCCACTGACATTATCCCGACAAGAAATCCGCAAAATGATTCGGCAACGTCGTCGTGCGTTAACGCCGGAACAACAGC,ssrS,1.5
rpiA,ATCTGACGGGGGAACCTCCCCCG,rpiA,1.5
argP,ATCCATCAAATAATGCCTGATAGCACATATCAGGC,argP,1.5
0pgk,AAAAATCACAGGGCAGGGAAACCTGCCCT,pgk,1.5
1pgk,AAAAATCACAGGGCAGGGAAACCTGCCCT,pgk,1.5
pgk,AAAAATCACAGGGCAGGGAAACCTGCCCT,pgk,1.5
0endA,ACCTACACTAGCGGGATTCTTTTTGTTAACCCCTACCCCACGCGTACAACCGCGTGGGGAGACGACGCGG,endA,1.5
1endA,ACCTACACTAGCGGGATTCTTTTTGTTAACCCCTACCCCACGCGTACAACCGCGTGGGG,endA,1.5
2endA,ACCTACACTAGCGGGATTCTTTTTGTTAACCCCTACCCCACGCGTACAACCGCGTGGGGAGACGACGCGG,endA,1.5
endA,ACCTACACTAGCGGGATTCTTTTTGTTAACCCCTACCCCACGCGTACAACCGCGTGGGG,endA,1.5
0ansB,ATCGCCTCGCCCCGGTATCGTGCCGGGGC,ansB,1.5
ansB,ATCGCCTCGCCCCGGTATCGTGCCGGGGC,ansB,1.5
pheV,ACTAATTCTTAAGAACCCGCCCACAAGGCGGGTTTTT,pheV,1.5
exbD,AAGTAGAATTGCCTGATGCGCTACGCTCATCAGGCCTACAAAATCTATTGCAACATGTTGAATCTTCGTGCGTTTGTAGGCCGGATAAGGCGTTCACGACGCATCCGGCATTAGGTGCTCAATGCCTGATGCGCTACGCTTATCAGGCCTACAAAATCTATTGCAACATGTTGAATCTTCATGCGTTTGTAGGCGGATAAGGCGTTTTCGCCACATCAGGTAAGAGTGAATTCACAATGATGCCCGGTTGCTTTTCACAACCGGGCA,exbD,1.5
0glgS,ATATAACGGGCCTGATGGCCCGTT,glgS,1.5
glgS,ATATAACGGGCCTGATGGCCCGTT,glgS,1.5
rpsU,ATTCCCCGAGAGCGTTGCTCTCCGATCAGACCGAGTTGTAGTTGTAAGGCCGTGCTTCCGAAAGGAATGCGCGGCTT,rpsU,1.5
0rpoD,ATCGGTAGGCCGGATCAGGCGTTACGCCGCACCCGGCACTAGGCCCTCTGCACAAACGCCACCTTTTCGGTGGCG,rpoD,1.5
1rpoD,ATCGGTAGGCCGGATCAGGCGTTACGCCGCACCCGGCACTAGGCCCTCTGCACAAACGCCACCTTTTCGGTGGCG,rpoD,1.5
rpoD,ATCGGTAGGCCGGATCAGGCGTTACGCCGCACCCGGCACTAGGCCCTCTGCACAAACGCCACCTTTTCGGTGGCG,rpoD,1.5
ileX,AGATATAGCAAAGGCTGACGAGAAATCGTCAGCCTTTTTCTTTT,ileX,1.5
0rnpB,TGATTTACGTAAAAACCCGCTTCGGCGGGTTTTTGCTTTTGGAGGGGCAGAAAGATGAATGACTGTCCACGACGCTATACCCAAAAGAAAGCGGCTTATCGGTCAGTTTCACCTGGTTTACGTAAAAACCCGCTTCGGCGGGTTTTTGCTTTTGGAGGGGCAGAAAGATGAATGACTGTCCACGACACTATACCCAAAAGAAAGCGGCTTATCGGTCAGTTTCACCTGTTTTACGTAAAAACCCGCTTCGGCGGG,rnpB,1.5
1rnpB,TGATTTACGTAAAAACCCGCTTCGGCGGGTTTTTGCTTTTGGAGGGGCAGAAAGATGAATGACTGTCCACGACGCTATACCCAAAAGAAAGCGGCTTATCGGTCAGTTTCACCTGGTTTACGTAAAAACCCGCTTCGGCGGG,rnpB,1.5
rnpB,TGATTTACGTAAAAACCCGCTTCGGCGGG,rnpB,1.5
pnp,AGGTTGCCATTTGCCCTCCGCTGCGGCGGGGGGCT,pnp,1.5
rpsO,ATTCTTGCGAGTTTCAGAAAAGGGGGCCTGAGTGGCCCCTTTTT,rpsO,1.5
0metY,ACTTTCCCTTAGAGTCCTTTTTCAAATATACTGTGAAGACTTCGGCCTTCGTAGTGGGATTTGAAAAAATCCTTCTGGAAAGTGCTCCAGACCGCAGTTGCGGTTATAGGGTTCAGTTATATAAAGCCCCGATTTATCGGGG,metY,1.5
1metY,ACTTTCCCTTAGAGTCCTTTTTCAAATATACTGTGAAGACTTCGGCCTTCGTAGTGGGATTTGAAAAAATCCTTCTGGAAAGTGCTCCAGACCGCAGTTGCGGTTATAGGGTTCAGTTATATAAAGCCCCGATTTATCGGGGTTTTTTGTTATCTGACTACAGAATAACTGGGCTTTAGGCCC,metY,1.5
2metY,ACTTTCCCTTAGAGTCCTTTTTCAAATATACTGTGAAGACTTCGGCCTTCGTAGTGGGATTTGAAAAAATCCTTCTGGAAAGTGCTCCAGACCGCAGTTGCGGTTATAGGGTTCAGTTATATAAAGCCCCGATTTATCGGGG,metY,1.5
metY,ACTTTCCCTTAGAGTCCTTTTTCAAATATACTGTGAAGACTTCGGCCTTCGTAGTGGGATTTGAAAAAATCCTTCTGGAAAGTGCTCCAGACCGCAGTTGCGGTTATAGGGTTCAGTTATATAAAGCCCCGATTTATCGGGGTTTTTTGTTATCTGACTACAGAATAACTGGGCTTTAGGCCC,metY,1.5
0degQ,ATGTCGTAAACCGGGCATCAGGCTTACGTGTGATGTCCGGTTAAC,degQ,1.5
degQ,ATGTCGTAAACCGGGCATCAGGCTTACGTGTGATGTCCGGTTAACTCGTGGTATGCTGCTGCCGTTCCC,degQ,1.5
degS,AGTCGTGCGCTCAAAACAAAAAACCGGAGTCTGTGCTCCGGTTTTTTATT,degS,1.5
0mreB,ATCGGATGCAGGCAGGGGAAGTGTCTGTTTACCCTGCCTG,mreB,1.5
1mreB,ATCGGATGCAGGCAGGGGAAGTGTCTGTTTACCCTGCCTG,mreB,1.5
mreB,ATCGGATGCAGGCAGGGGAAGTGTCTGTTTACCCTGCCTG,mreB,1.5
0crp,ATCCCGTCGGAGTGGCGCGTTACCTGGTAGCGCGCCATTTT,crp,1.5
1crp,ATCCCGTCGGAGTGGCGCGTTACCTGGTAGCGCGCCATTTT,crp,1.5
crp,ATCCCGTCGGAGTGGCGCGTTACCTGGTAGCGCGCCATTTT,crp,1.5
mrcA,ATTAAAAAGGCGCTTCGGCGCCTTTT,mrcA,1.5
malT,AGTTTAGCCGGATAACGCGCCAGATCCGGCT,malT,1.5
0glpR,ATCCTGCACGGCTTCCCACGTCAGACCAAAACGCGCCAGGTATTTGCGTAGCCGATCCGCGTCATTGACGCTGGCTTTGCCCTGGCGCGAAACGT,glpR,1.5
glpR,ATCCTGCACGGCTTCCCACGTCAGACCAAAACGCGCCAGGTATTTGCGTAGCCGATCCGCGTCATTGACGCTGGCTTTGCCCTGGCGCGAAACGT,glpR,1.5
gntK,AGTAGTGACTACATTAACGCTTGTTTTAACAGCAGTAGGGTCTGTTTTACTGCTGCTGTT,gntK,1.5
0gntR,AGCCCACAAATTTGAAGTAGCTCACACTTATACACTTAAGGCATGGATGGATATTGCTTCTGATATTGTCCGGCTGGACAATGTTACCGATAACAGTTACCCGTAACATT,gntR,1.5
1gntR,AGCCCACAAATTTGAAGTAGCTCACACTTATACACTTAAGGCATGGATGGATATTGCTTCTGATATTGTCCGGCTGGACAATGTTACCGATAACAGTTACCCGTAACATT,gntR,1.5
gntR,AGCCCACAAATTTGAAGTAGCTCACACTTATACACTTAAGGCATGGATGGATATTGCTTCTGATATTGTCCGGCTGGACAATGTTACCGATAACAGTTACCCGTAACATT,gntR,1.5
0rpoH,ATTTCCGCTATTAAGCAGAGAACCCTGGATGAGAGTCCGGGGT,rpoH,1.5
1rpoH,ATTTCCGCTATTAAGCAGAGAACCCTGGATGAGAGTCCGGGGT,rpoH,1.5
2rpoH,ATTTCCGCTATTAAGCAGAGAACCCTGGATGAGAGTCCGGGGT,rpoH,1.5
3rpoH,ATTTCCGCTATTAAGCAGAGAACCCTGGATGAGAGTCCGGGGT,rpoH,1.5
rpoH,ATTTCCGCTATTAAGCAGAGAACCCTGGATGAGAGTCCGGGGT,rpoH,1.5
0uspA,ATCTTCCCTCTACGACGTGTTCCTGAACGCCCGCATATGCGGGCGTT,uspA,1.5
1uspA,ATCTTCCCTCTACGACGTGTTCCTGAACGCCCGCATATGCGGGCGTT,uspA,1.5
uspA,ATCTTCCCTCTACGACGTGTTCCTGAACGCCCGCATATGCGGGCGTT,uspA,1.5
dinQ,ATAGCGGAAACGTAATTAAGGGCTAAGAGCACACTACTCTTAGCCCTTTAACAT,dinQ,1.5
agrA,CA,agrA,1.5
agrB,CGTCCTGA,agrB,1.5
0gadW,ACATATTTCGCATTTGAATATTGGTCAGGATCTCACACCTGCTTCATGTGAAACTCTTCCCTGATGATTTCTGCCGGGCTACCGGCTAGTTCTCTTTCGCAGTTTGCCAGGCGGTATCGGTATTTTCAGGAGGAAAAGACTCGGCATGTTTGGGATTATTAAGCTGACAATTCATACGATTACGGGAATGTGGGTCAGTATTGTGTTGTTCAAATTGATGACGAATGGCTGGAGTGGTTTCTACTTTCAGTGCTGTGTACTAAGCCTGGTATTCCTGACGGTTAGCTGGTTGTTGAGTGGTGAATGGTTAGCAGGAAAGAGTAAGGCTGAACCTTCATGTTCAACCTTAC,gadW,1.5
gadW,ACATATTTCGCATTTGAATATTGGTCAGGATCTCACACCTGCTTCATGTGAAACTCTTCCCTGATGATTTCTGCCGGGCTACCGGCTAGTTCTCTTTCGCAGTTTGCCAGGCGGTATCGGTATTTTCAGGAGGAAAAGACTCGGCATGTTTGGGATTATTAAGCTGACAATTCATACGATTACGGGAATGTGGGTCAGTATTGTGTTGTTCAAATTGATGACGAATGGCTGGAGTGGTTTCTACTTTCAGTGCTGTGTACTAAGCCTGGTATTCCTGACGGTTAGCTGGTTGTTGAGTGGTGAATGGTTAGCAGGAAAGAGTAAGGCTGAACCTTCATGTTCAACCTTAC,gadW,1.5
gadX,GAGTTTTACTCAGACATAAAAAAAACCCGGCATAGGGGACCGGGAAGAGGATAGTCTGCCGTCTCCAGACTA,gadX,1.5
ldrD,ACGTGTCATGCGGGCGTCAGGCTGCCGTAATGGCAATTTGCGCCCGGACCAGGCCGCAGGGGGGAAACTCTGCGGCCTTTTT,ldrD,1.5
0proK,AAATTCGAAAAGCCTGCTCAACGAGCAGGCTTTTTTGCAT,proK,1.5
proK,AAATTCGAAAAGCCTGCTCAACGAGCAGGCTTTTTTGCATCTGCAGCTCATGAGGATGAGAACCTCCGGGGGCAGGGAGGTTCGACTCGAGCGAAGCGAGAGAACGTTGCGCCAGCAACGGCCCGCAGGGCGAGCCACGAAGTGGCGAGTAATCCTCTATCACCGACCAAATTCGAAAAGCCTGCTCAACGAGCAGGCTTTTTTGCAT,proK,1.5
0cspA,ATCTCTGCTTAAAAGCACAGAATCTAAGATCCCTGCCATTTGGCGGGGATTTT,cspA,1.5
cspA,ATCTCTGCTTAAAAGCACAGAATCTAAGATCCCTGCCATTTGGCGGGGATTTT,cspA,1.5
0malS,ACTTTTCCGGCTTCCCGTTCGTCAGTACCTCGGGAAGCCGCCAA,malS,1.5
malS,ACTTTTCCGGCTTCCCGTTCGTCAGTACCTCGGGAAGCCGCCAACCAGGATAAAATGTCAGCCCTAATCAGCGTTGCAGGATAAAGCACCGCTC,malS,1.5
aldB,ATATAAGAAGCTGGTCGCATTGGGTATTCATTGCCTGATGCGACGCTTACGCGTCTTATCATGCCTAC,aldB,1.5
rph,GCGACGCAGAAGGCGGCGCTGGCAAACTGATTTTTAAGGCGACTGATGAGTCGCCTT,rph,1.5
ivbL,GGGACTGGAACAACACACGATTCCAAAACCCCGCCGGCGCAAACCGGGCGGGGTTT,ivbL,1.5
tisB,ATTCAGATTCAAGTCGCACCAAAGGGGAGCGGGAAACCGCTCCCCTTT,tisB,1.5
gyrB,ATGGCGCTAACCATGCGAGCGTGCCTGATGCGCTACGCTTATCAGGCCTACGAAAATCTTGCAATGTATTGAATTTTCATGATTTTGTAGGCCGGATAAGGCGTTCACGCCGCATCCGGCAAGAAGCTATAAGAAAAGGGCGGAGATCATCTCCGCCCTTTTTATTTCTGCAAT,gyrB,1.5
0bglG,AAATATTATTACTGAGTAAAGGATTGTTACCGCACTAAGCGGGCAAAACCTGAAAAAAATTGCTTGATTCACGTCAGGCCGTTTTTTTCAGGTTTT,bglG,1.5
bglG,AAATATTATTACTGAGTAAAGGATTGTTACCGCACTAAGCGGGCAAAACCTGAAAAAAATTGCTTGATTCACGTCAGGCCGTTTTTTTCAGGTTTT,bglG,1.5
pstS,ATAAAACTCCAGGCCGGGTACGGTGTTTTACGCCGCATCCGGC,pstS,1.5
0ilvL,GAGATCAAGCCTTAACGAACTAAGACCCCCGCACCGAAAGGTCCGGGGGTTT,ilvL,1.5
ilvL,GAGATCAAGCCTTAACGAACTAAGACCCCCGCACCGAAAGGTCCGGGGGTTT,ilvL,1.5
0ilvA,GGGAAAAATGCCTGATAGCGCTTCGCTTATCAGGCCTACCCGCGCGACAACGTCATTTGTGGTTCGGCAAAATCTTCCAGAATGCCTCAATTAGCGGCTCATGTAGCCGCT,ilvA,1.5
ilvA,GGGAAAAATGCCTGATAGCGCTTCGCTTATCAGGCCTACCCGCGCGACAACGTCATTTGTGGTTCGGCAAAATCTTCCAGAATGCCTCAATTAGCGGCTCATGTAGCCGCTTTTTCTGCGCACACACGCCCAGCTCAAACGGCGTTTTCTCATCGCTGCGCTCTAAAATCATCACGCGGTTACGCACCGGTTCGGGGCTGTTTTCCAGCACCACTTCCGGCAACAATGCCACGCCACAGCCGAGTGCCA,ilvA,1.5
ilvY,ACGTTGTCGCGCGGGTAGGCCTGATAAGCGAAGCGCTATCAGGCA,ilvY,1.5
0rhoL,ACCG,rhoL,1.5
1rhoL,ACCGTAAACAGGCATGGATGATCCTGCC,rhoL,1.5
2rhoL,ACCGTAAACAGGCATGGATGATCCTGCCATACCATTCACAACATTAAGTTCGAGATTTACCCCAAGTTTAAGAACTCACACCACTATGAATCTTACCGAATTAAAGAATACGCCGGTTTCTGAGCTGATCACTCTCGGCGAAAATATGGGGCTGGAAAACCTGGCTCGTATGCGTAAGCAGG,rhoL,1.5
3rhoL,ACCGTAAACAGGCATGGATGATCCTGCCATACCATTCACAACATTAAGTTCGAGATTTACCCCAAGTTTAAGAACTCACACCACTATGAATCTTACCGAATTAAAGAATACGCCGGTTTCTGAGCTGATCACTCTCGGCGAAAATATGGGGCTGGAAAACCTGGCTCGTATGCGTAAGCAGGACATTATTTTTGCCATCCTGAAGCAGCACGCAAAGAGTGGCGAAGATATCTTTGGTGATGGCGTACTGGAGATATTGCAGGATGGATTTGGTTTCCTCCGTTCCGCAGACAGCTCCTACCTCGCCGGTCCTGATGACATCTACGTTTCCCCTAGCCAAATCCGCCGTTTCAACCTCCGCACTGGTGATACCATCTCTGGTAAGATTCGCCCGCCGAAAGAAGGTGAA,rhoL,1.5
rhoL,ACCGTAAACAGGCATGGATGATCCTGCCATACCATTCACAACATTAAGTTCGAGATTTACCCCAAGTTTAAGAACTCACACCACTATGAATCTTACCGAATTAAAGAATACGCCGGTTTCTGAGCTGATCACTCTCGGCGAAAATATGGGGCTGGAAAACCTGGCTCGTATGCGTAAGCAGGACATTATTTTTGCCATCCTGAAGCAGCACGCAAAGAGTGGCGAAGATATCTTTGGTGATGGCGTACTGGAGATATTGCAGGATGGATTTGGTTTCCTCCGTTCCGCAGACAGCTCCTACCTCGCCGGTCCTGATGACATCTACGTTTCCCCTAGCCAAATCCGCCGTTTCAACCTCCGCACTGGTGATACCATCTCTGGTAAGATTCGCCCGCCGAAAGAAGGTGAACGCTATTTTGCGCTGCTGAAAGTTAACGAAGTTAACTTCGACAAACCTGAAAACGCCCGCAACAAAATCCTCTTTGAGAACTTAACCCCGCTGCACGCAAACTCTCGTCTGCGTATGGAACGTGGTAACGGTTCTA,rhoL,1.5
0uvrD,ACGTTGCCGGATGCGGTGCTGCGCACCTTATTT,uvrD,1.5
uvrD,ACGTTGCCGGATGCGGTGCTGCGCACCTTATTT,uvrD,1.5
spf,ATTGGGCGAA,spf,1.5
0glnA,AGTGTTTTAGTTGCCGTGGAAACTTTTCGCCTGTCTCTGGCAGGCCTGGGATCGGTGGCAAGCACATCACGCCGGATGCGACGCAAATGCGTCTTATCCGGCCTACACGGTGATGATGTGGTAGGCCGGAGCAGGTGAGTCGCTCTCCAACGTGAAGTTTGTCAGCTATCTGTAGCCCATCTCTGCATGGGCTTTTTTCTCCGTCAATTCTCTGATGCTTCGCGCTTTTTATCCGTAAAAAGCTATAATGCACTAAAATGGTGCAACCTGTTCAGGAGACTGCTTTATGGCAACAGGCACGCAGCCCGATGCTGGGCAGATCCTCAACTCGCTGATTAACAGTATTTTGTTAATCGATGACAACCTGGCGATCCATTACGCCAACCCTGCCGCGCAACAACTGCTCGCCCAAAGCTCCCGCAAATTGTTTGGTACACCGTTACCGGAACTGTTGAGCTACTTCTCATTAAATATCGAGCTGATGCAAGAAAGTCTGGAGGCGGGGCAAGGTTTTACCGATAACGAAGTGACGCTGGTCATCGACGGGCGCTCGCATATCCTTTCTGTGACGGCCCAGCGTATGCCGGACGGCATGATCCTGCTGGAGATGGCTCCGATGGATAACCAGCGCCGCTT,glnA,1.5
1glnA,AGTGTTTTAGTTGCCGTGGAAACTTTTCGCCTGTCTCTGGCAGGCCTGGGATCGGTGGCAAGCACATCACGCCGGATGCGACGCAAATGCGTCTTATCCGGCCTACACGGTGATGATGTGGTAGGCCGGAGCAGGTGAGTCGCTCTCCAACGTGAAGTTTGTCAGCTATCTGTAGCCCATCTCTGCATGGGCTTTTTTCTCCGTCAAT,glnA,1.5
2glnA,AGTGTTTTAGTTGCCGTGGAAACTTTTCGCCTGTCTCTGGCAGGCCTGGGATCGGTGGCAAGCACATCACGCCGGATGCGACGCAAATGCGTCTTATCCGGCCTACACGGTGATGATGTGGTAGGCCGGAGCAGGTGAGTCGCTCTCCAACGTGAAGTTTGTCAGCTATCTGTAGCCCATCTCTGCATGGGCTTTTTTCTCCGTCAATTCTCTGATGCTTCGCGCTTTTTATCCGTAAAAAGCTATAATGCACTAAAATGGTGCAACCTGTTCAGGAGACTGCTTTATGGCAACAGGCACGCAGCCCGATGCTGGGCAGATCCTCAACTCGCTGATTAACAGTATTTTGTTAATCGATGACAACCTGGCGATCCATTACGCCAACCCTGCCGCGCAACAACTGCTCGCCCAAAGCTCCCGCAAATTGTTTGGTACACCGTTACCGGAACTGTTGAGCTACTTCTCATTAAATATCGAGCTGATGCAAGAAAGTCTGGAGGCGGGGCAAGGTTTTACCGATAACGAAGTGACGCTGGTCATCGACGGGCGCTCGCATATCCTTTCTGTGACGGCCCAGCGTATGCCGGACGGCATGATCCTGCTGGAGATGGCTCCGATGGATAACCAGCGCCGCTT,glnA,1.5
glnA,AGTGTTTTAGTTGCCGTGGAAACTTTTCGCCTGTCTCTGGCAGGCCTGGGATCGGTGGCAAGCACATCACGCCGGATGCGACGCAAATGCGTCTTATCCGGCCTACACGGTGATGATGTGGTAGGCCGGAGCAGGTGAGTCGCTCTCCAACGTGAAGTTTGTCAGCTATCTGTAGCCCATCTCTGCATGGGCTTTTTTCTCCGTCAAT,glnA,1.5
sodA,ATCATTTGCCGCCTGCTGCAATGAGGCGTATAGGCCGCATATCAGCTTAAAAAATGAACCATCGCCAACGGCGGTGGTTTTTTTGTGATCAAT,sodA,1.5
0pfkA,ATGATTTCGGAAAAAGGCAGATTCCTTTACCCTGAAACCGATGACAGAAGCAAAAATGCCTGATGCGCTTCGCTTATCAGGCCTACATGAATTCTGCAATTTATTGAATTTGCAAACTTTTGTAGGCCGGATAAGGCGTTCGCGCCGCATCCGGCATGGACAAAGCGCACTTTGTCAGCAATATGAGGCGGATTTCTTCCGCCTTTTTAATCCCTCAAC,pfkA,1.5
pfkA,ATGATTTCGGAAAAAGGCAGATTCCTTTACCCTGAAACCGATGACAGAAGCAAAAATGCCTGATGCGCTTCGCTTATCAGGCCTACATGAATTCTGCAATTTATTGAATTTGCAAACTTTTGTAGGCCGGATAAGGCGTTCGCGCCGCATCCGGCATGGACAAAGCGCACTTTGTCAGCAATATGAGGCGGATTTCTTCCGCCTTTTTAATCCCTCAAC,pfkA,1.5
cdh,AGGCGAAGAGTTAAGGAAAGTAAGTGCCGGATATGAAATCCGGCAC,cdh,1.5
trmA,AAACCCATGCCGGATGCGCCAGCATCCGGCATAA,trmA,1.5
yjaZ,ACAAAACCCACCTTAAGGTGGGTTT,yjaZ,1.5
hupA,AGATTGCGTGGCAGTGAACAGTTTTAACGAAGGGGTGGTTTCACCCCTT,hupA,1.5
yjbE,ATAAAGTATGTATCCCCAAAATAATTCGAGTCATTGCATCTGTGGCTAGAAGTATGAAGGGA,yjbE,1.5
tyrB,ATGCAGGAAAGCAGGCTGGAGCTACCCAGCCTGC,tyrB,1.5
uvrA,ATCGTTAAGGCCGCTTTCTGAGCGGCCTTTTCCTTTCAGAGTT,uvrA,1.5
soxR,AAGCGCCACAAGGGCGCTTTAGTTT,soxR,1.5
fdhF,ATACCGTCCTTTCTACAGCCTCCTTTCGGAGGCTGTTTTTTT,fdhF,1.5
rpiB,AGATTCATCCACTACTTGCATGGATGAGT,rpiB,1.5
adiA,ACCACTATTCCGCTGAAGGCGTAATTGTTTAAATAACATTACGCC,adiA,1.5
fumB,ACCTCTTCGGCCCAGCGCCTGGCAGCATGCTGCCAGGTGATCCCCCTGGC,fumB,1.5
pheU,AAATTCATATAAACGGACCTCCACGGAGGTCCGTTTTTCGTTT,pheU,1.5
aspA,ATCGTACAGGGTAGTACAAATAAAAAAGGCACGTCAGATGACGTGCCT,aspA,1.5
ecnB,AGCAATAACGGTACGACAGCTGTGTCGTGCCGT,ecnB,1.5
ampC,AAATTCCATCGGGTCCGAATTTTCGGACC,ampC,1.5
0treR,ATCGTTTCCTGAACGA,treR,1.5
1treR,ATCGTTTCCTGAACGA,treR,1.5
2treR,ATCGTTTCCTGAACGA,treR,1.5
treR,ATCGTTTCCTGAACGA,treR,1.5
0valS,ATCAAAACACAGTGATGAAAACGAAGGCCGGAGCATGCTCCGGCCTTTTTT,valS,1.5
valS,ATCAAAACACAGTGATGAAAACGAAGGCCGGAGCATGCTCCGGCCTTTTTT,valS,1.5
leuX,AAAAGTATGTAAATAGACCTCAACTGAGGTCTTTTTTTATG,leuX,1.5
fimE,ATTTAACTTATTGATAATAAAGTTAAAAAAACAAATAAATACAAGACAATTGGGGCCAAACTGTCCATATCATAAATAAGTTACGTATTTTTTCTCAAGCATAAAAATATTAAAAAACGACAAAAAGCATCTAACTGTTTGATATGTAAATTATTTCTATTGTAAATTAATTTCACATCACCTCCGCTATATGTAAAGCTAACGTTTCTGTGGCTCGACGCATCTTCCTCATTCTTCTCTCCAAAAACCACCTCATGCAATATAAACATC,fimE,1.5
gntP,AAAGGACACCAGAGCCTGCCAATGGCAGGCTC,gntP,1.5
trpR,ATTTTGTAGGCCTGATAAGACGTGGCGCATCAGGCATCGTGCACCGAATGCCGGATGCG,trpR,1.5
creD,AGGTTGAAAAATAAAAACGGCGCTAAAAAGCGCCGTTTTTTTT,creD,1.5
0arcA,ATCGGCTTTACCACCGTCAAAAAAAACGGCGCTTTTTAGCGCCGTTTTTATT,arcA,1.5
1arcA,ATCGGCTTTACCACCGTCAAAAAAAACGGCGCTTTTTAGCGCCGTTTTTATT,arcA,1.5
2arcA,ATCGGCTTTACCACCGTCAAAAAAAACGGCGCTTTTTAGCGCCGTTTTTATT,arcA,1.5
3arcA,ATCGGCTTTACCACCGTCAAAAAAAACGGCGCTTTTTAGCGCCGTTTTTATT,arcA,1.5
4arcA,ATCGGCTTTACCACCGTCAAAAAAAACGGCGCTTTTTAGCGCCGTTTTTATT,arcA,1.5
5arcA,ATCGGCTTTACCACCGTCAAAAAAAACGGCGCTTTTTAGCGCCGTTTTTATT,arcA,1.5
arcA,ATCGGCTTTACCACCGTCAAAAAAAACGGCGCTTTTTAGCGCCGTTTTTATT,arcA,1.5
