gene_name,sequence,length,mfe,mfe_secondary_structure,gc%,sec_str%
0ansB,GTTCACGTAACTGGAGGAATGAAA,24,-1.7,.((((..(........)..)))).,41.67,41.67
0aroH,ACCACCCGGCGAGGTGTGACACACCTCGCACTTGAAATCAGCAGCGATTGGTTTATCGTGATGCGCATCACTTCCCGGCAGTCCTGCCGTAGAAGCAACAAATTTCTGAGACTTGTAA,118,-35.2,........(((((((((...)))))))))...........((((((((......)))))..)))......((((.(((((....)))))..))))..((((.((.....)).))))..,51.69,54.24
0aroP,AACTTCTTTGATGTAAACAAATTAATACAACAAACGGAATTGCAAACTTACACACGCATCACTGCGTAGATCAAAAAAACAACCACCGCACGAGGTTTCA,100,-14.1,...(((((((.((((..........)))).)))..))))..............(((((....))))).................(((......)))....,37.0,38.0
0bglG,GAACCTGGATGTTCGTTATAAAAACCATTAATAAATGACTGGATTGTTACTGCATTCGCAGGCAAAACCTGACATAACCAGAGAATACTGGTGAAGTCGGGTTTTTTTGTTTATAAAAAAGGTCCTTGCTA,131,-31.6,((((......))))..........(((.(........).))).((((..((((....)))))))).(((((((.(.(((((......))))).).)))))))(((((((....)))))))...........,36.64,54.96
0bolA,ACGCTTGACGGAAAAACCAGGACGAAACCTAAATATTTGTTGTTAAGCTGCAATGGAAACGGTAAAAGCGGCTAGTATTTAAAGGGATGGATGACATCTCAGCGTTGTCGGAGGAGATATTTCA,124,-25.3,.((((((..........)))).)).......(((....)))....((((((..((....))......))))))..........((((((.....)))))).....((((......)))).....,41.94,43.55
0cmr,TAATGTAAGAATGTGCTTAACCGTGGTTTCAGCTACAAAATTCGCTTTCTCGTTAGCTGCGCTTTTATTAAACTCTGCGCGATTATTATTGGCGAAGAAATTGCA,105,-21.8,.....((((......))))...(((((....)))))....((((((.......(((.(((((..............))))).))).....)))))).........,38.1,43.81
0crp,GATGCTACAGTAATACATTGATGTACTGCATGTATGCAAAGGACGTCACATTACCGTGCAGTACAGTTGATAGCCCCTTCCCAGGTAGCGGGAAGCATATTTCGGCAATCCAGAGACAGCGGCGTTATCTGGCTCTGGAGAAAGCTTATAACAGAGGATAACCGCGCA,168,-40.9,.......((((.....)))).(((((((((((.(((............)))...)))))))))))...(((.(((.((((((.......))))))........))).)))........(((..(((((((...((((..............)))))))))))..))).,48.21,52.38
0crr,ACCTTTACCAGCCAATGTCACCGTCCGTGCTGAACTTGATCAAGCAAGTTATTGATGCTTCTCATGCTGAAGGCAAATGGACTGGCATGTGTGGTGAGCTTGCTGGCGATGAACGTGCTACACTTCTGTTGCTGGGGATGGGTCTGGACGAATTCTCTATGAGCGCCATTTCTATCCCGCGCATTAAGAAGATTATCCGTAACACGAACTTCGAAGATGCGAAGGTGTTAGCAGAGCAGGCTCTTGCTCAACCGACAACGGACGAGTTAATGACGCTGGTTAACAAGTTCATTGAAGAAAAAACAATCTGCTAATCCACGAGATGCGGCCCAATTTACTGCTTAGGAGAAGATCA,355,-91.3,..((((.((...(((..(((.((....)).)))..)))...(((((.((.((((.(((.((((.((((...))))..((((.(((((..(((((((((((((((((((...(((.(((((..(((((..(((..((((((((..(((.((..((......)).)))))..))))))))..)))...))))).(((....))).(((..(((((......))))).))))))))((((((....))))))..(((....)))....))).....)))))))....))))))))).........)))...))))).)))).)))).)))...))))..))))))).)).))))....,47.32,64.79
0cspA,AACGGTTTGACGTACAGACCATTAAAGCAGTGTAGTAAGGCAAGTCCCTTCAAGAGTTATCGTTGATACCCCTCGTAGTGCACATTCCTTTAACGCTTCAAAATCTGTAAAGCACGCCATATCGCCGAAAGGCACACTTAATTATTAAAGGTAATACACTA,161,-32.5,...((((((.....)))))).((((((.(((((.(((..((.((.....((((((....)).)))).....)).))..)))))))).)))))).((((.(.......).))))..........(((....))).........(((((....))))).....,40.99,53.42
0cstA,AATGTAACATCTCTATGGACACGCACACGGATAACAACTA,40,-3.5,..(((...((((.(.((......)).).)))).)))....,40.0,50.0
0dapB,TAATTATCAGCGTTTTTGGCTGGCGGCGTAGCGATGCGCTGGTTACTCTGAAAACGGTCTATGCAAATTAACAAAAGAGAATAGCTA,87,-20.7,.......((((.......)))).(((((((....)))))))....((((.......((..((....))..))...))))........,42.53,43.68
0degQ,GTTTTGAATCTCTTTTCTTATCATTCAGGTACGAGAGCAGGAATAA,46,-7.6,.(((((..((((.(.(((........))).).)))).)))))....,34.78,56.52
0eda,ATTTGTAATCAGGCGAGAGAAAACTCTGA,29,-3.7,....((......)).((((....))))..,37.93,41.38
0endA,TCCTGATCTGGCTGATTGCATACCAAAACAGCTTTCGCTACGTTGCTGGCTCGTTTTAACACGGAGTAAGTGA,73,-12.8,....((...(((((.((........)).))))).))......(((((.((((((......)).)))).))))),46.58,54.79
0fadR,AACTTTGTTTTGCTGTGTTATGGAAATCTCACTA,34,-3.5,..............(((..((....))..)))..,32.35,29.41
0fur,ATTATCTCAAGAGCAAATTCTGTCACTTCTTCTAATGAAGTGAACCGCTTAGTAACAGGACAGATTCCGCA,71,-12.8,.........(((......))).(((((((.......)))))))..............(((.....)))...,39.44,36.62
0gadW,AAATAATCGCAGTATGAAATATAAGGGATAATCA,34,-1.9,.....(((.(..((((...))))..)))).....,26.47,47.06
0galE,ATACCATAAGCCTAATGGAGCGAATTA,27,-3.2,...((((.......)))).........,37.04,29.63
0gcd,GCTACTAAAATATTAATGAATTGAAATGGTGTCTCTTTA,39,-1.3,(.(((((....(((....))).....))))).)......,25.64,46.15
0glgS,GAATACTGAAATCAGAAAAAGCATATGGCCTTAAAAGGTATGCGATAACCGGAGGATGTGCTTA,64,-12.8,.....(((....)))...((((((((..((((....(((........))).)))))))))))).,39.06,56.25
0glnS,AGATTATCAATTTTAAAAAACTAACAGTTGTCAGCCTGTCCCGCTTATAAGATCATACGCCGTTATACGTTGTTTACGCTTTGAGGAATCCACGA,95,-10.2,.((((.((((.(.((((.(((((((.(((((.(((.......))).))).........)).))))...))).)))).)..))))..)))).....,37.89,58.95
0glpR,GCGCTGATCTGGATTGTCGCCGGATGGTTTGATTTGTTTGGGATGTCGATGGCGAACGGAGCACACATCGCCGGGTTAGCCGTGGGTTTAGCGATGGCTTTTGTTGATTCGCTCAATGCGCGAAAACGAAAATAATTCCAGGGATTTATAAA,152,-34.7,..((((((((((..((((((((((((.(((((.....))))).))))..))))))..(.....).))...))))))))))..((((.(((((....))(((((((..(((((.......)))))))))))).))).))))............,48.68,64.47
0gltA,TTCGGATTGCTAAGTACTTGATTCGCCATTTATTCGTCATCAATGGATCCTTTACCTGCAAGCGCCCAGAGCTCTGTACCCAGGTTTTCCCCTCTTTCACAGAGCGGCGAGCCAAATAAAAAACGGGTAAAGCCAGGTTGATGTGCGAAGGCAAATTTAAGTTCCGGCAGTCTTACGCAATAAGGCGCTAAGGAGACCTTAAA,203,-52.3,....(((((((....((((((...(((.....((((((((((((((...(((((((((....((((....(((((((....(((......))).....)))))))))))..............))))))))))))..)))))).))))))))....))))))...)))))))...(((......))).(((((...)))))..,46.8,60.1
0gltX,ACTTAATTTTTCCAGGATTTGCCGGTTGTCGGCATCTTTCTAAACGTAAGGCCATTTCA,59,-12.1,.((((..(((...((((..((((((...))))))...)))))))..)))).........,40.68,57.63
0gntR,AATAATTGTAAACAAGCACTGTTTTCCCCGGGAAGGTTCTGATGTGTCCGTGTTAAACTAAGAGAATCTATCTCTTTTGTACCTTCAGGACGA,93,-18.1,.........(((((.....)))))....(((((...)))))....((((.......((.((((((.....))))))..)).......))))..,39.78,47.31
0htpG,CATCCTGTTTTTAACCTTAAAATGGCATTATTGAGGTAGACCTACA,46,-6.7,.....(((..((.(((((((..........))))))).))...))),34.78,52.17
0hupB,TTTTTTTGTCTCGCTAAGTTAGATGGCGGATCGGGCTTGCCCTTATTAAGGGGTGTTGTAAGGGGATGGCTGGCCTGATATAACTGCTGCGCGTTCGTACCTTGAAGGATTCAAGTGCGATATAAATTATAAAGAGGAAGAGAAGAG,147,-36.7,(((((((.((((..(((.((((.((((((((((((((..(((((..(((......)))..)))))......))))))))....))))))..)..((((((.(((((...)))))))))))..))).)))....))))..))))))).,44.9,69.39
0ilvA,ACGTCAGGTCTCCTTTGCCCTGCGTGCTTATGCCAGCCTGGCAACCAGCGCCGACAAAGGCGCGGTGCGCGATAAATCGAAACTGGGGGGTTAATAA,97,-28.9,(((.((((.(......).))))))).....(((((...)))))(((.(((((......))))))))...(((....))).((((....)))).....,57.73,57.73
0ilvL,ATTAAACGCATCATAAAAATCGGCCAAAAAATATCTTGTACTATTTACAAAACCTATGGTAACTCTTTAGGCATTCCTTCGAACAAGATGCAAGAAAAGACAAAA,105,-12.2,.......((.............))...........(((((.....))))).(((...)))...(((((..(((((...........)))))....))))).....,31.43,38.1
0infA,GGTTCAAATTACGGTAGTGATACCCCAGAGGATTAGA,37,-5.8,...((.((((..((((....))))......)))).)),43.24,54.05
0malS,AATCGCAGCAATAAGGACTCATCCGCCA,28,-2.9,..............(((....)))....,50.0,21.43
0malZ,ATTTTCATCACAGGGGAATTATGA,24,-1.9,((((((.......)))))).....,33.33,50.0
0mreB,GGATTTTCTTTTCCGCCCCAGCTTTCAGGATTATCCCTTAGTA,43,-6.7,((((..((((....((....))....))))..)))).......,44.19,46.51
0ompC,TTGCCGACTGATTAATGAGGGTTAATCAGTATGCAGTGGCATAAAAAAGCAAATAAAGGCATATAACAGAGGGTTAATAACA,82,-19.4,.(((((((((((((((....))))))))))......))))).......((........))...((((.....))))......,35.37,51.22
0pflB,ATCCACTTAAGAAGGTAGGTGTTACA,26,-5.3,...((((((......)))))).....,38.46,46.15
0pgk,TTTTAGAATCAACGAGAGGATTCACCA,27,-5.3,.....(((((........)))))....,37.04,37.04
0phoH,ACTGAAATGGTGTTTTATAGTTAAATATAAGTAAATATATTGTTGCAATAAATGCGAGATCTGTTGTACTTATTAAGTAGCAGCGGAAGTTCCCGGCAGTGATAGTCAGTCACTATGGAGATCGCGGA,128,-30.9,(((.....)))..(((((.((..((((((......))))))...)).))))).((((..((((((((((((...))))).)))))))...(((((..((((((.....)))))).))).))))))...,36.72,67.19
0pspF,AAGTGGCGAATTTCATCA,18,-0.8,...(((.((...)).))),38.89,55.56
0putP,TAAATCGATTGTGAATAACCAGCGCTTCCGGCAGGATACGGTCGCCCTGGTAAAACATAAACTCTGTTACCCCGTTCCGGTGGCAGATATAACGGCAAGTTTCGACATTGCCGATAATAATTTTTTGGAGACTTTAGA,138,-36.1,........(((((..(.(((((.((..(((........)))..)).))))).)..)))))..(((((((((.......))))))))).....((((((((....)).)))))).............(....)......,44.2,49.28
0rhoL,GACTTCGTATTAAACATACCTTATTAAGTTTGAATCTTGTAATTTCCAACGCTTCCCGTTTTATCTTAAA,70,-4.8,.........((((((.((......)).))))))..............((((.....))))..........,30.0,34.29
0ribA,ATACAGAACCAGCATTATCTGGAGAATTTCA,31,-3.8,........((((......)))).........,35.48,25.81
0rnb,AGCCGCTCTAATGGCCACCAAAATAGACAATTA,33,-4.5,.((((......))))..................,42.42,24.24
0rpoD,GGTTGCTGGTGCAAAATCCAGAATTAGCGACGTTGGTCCCGCCGCTTGAGAATCTGGATGAAAATAAGCTCCCTGGACTTGGCTTATTCAGAGAACTGGTCAACACTTGTCTCTCCCAGCCAGGTCTGACCACCGGGCAACTTTTAGAGCACTATCGTGGTACAAATAATGCTGCCACCCTTGAAAAACTGTCGATGTGGGACGATATAGCAGATAAGAATATTGCTGAGCAAACCTTCACCGACTCACTCAACCATATGTTTGATTCGCTGCTTGAACTGCGCCAGGAAGAGTTAATCGCTCGTGAGCGCACGCATGGTTTAAGCAACGAAGAACGCCTGGAGCTCTGGACATTAAACCAGGAGCTGGCGAAAAAGTGATTTAACGGCTTAAGTGCCGAAGAGCGATCGGGAAGCCCCCGACAGCCGCACTGAGAGGCAGCGGCAAATATATAAGTACGCCCTCGTAATTATCGTTGGCGGTAAACAACCGTTGGATTTCAGCGTTAACGGCTGAAGGACATCGGGTCAATCGCCCAACACCAACCTCATGAAATAAGTGTGGATACCGTCTTA,575,-159.6,......((((((...(((((((.((((((.((.......)).))))...)).))))))).((((...((((..(((((((((((.....(((((...(((....)))..)))))...)))))))))))......))))...))))...))))))..((((((((.....)).))))))..((....))..((((.((.(((......((((((.........))))))......))).)).))))....((((.(....).))))((((.((((((((((((((......((((.....))))....))))......)))))))))).))))...((((...((((((((........))).)))))))))..(((....)))..((((......))))........(((((.....)))))..(((((.((....))..)))))......((((.((((....)))).)))).(((((((((......(((.((..(((((((.......)))))))..)).)))....)))).))))).....((.(((.......))).))...........,49.39,57.39
0rpoH,CGCCAGAAGATATCGATTGAGAGGATTTGAA,31,-2.2,.......((((.((......))..))))...,41.94,38.71
0rpsT,GCCTTTGAATTGTCCATATAGAACACATTTGGGAGTTGGACCT,43,-6.6,...........(((((..((((.....)))).....)))))..,41.86,41.86
0serW,GTTGCCACCCATGAGGTTTGGTAGCAAAACAATTTG,36,-8.6,(((((((((.....)))..))))))...........,44.44,50.0
0serX,CCAGCAAGACAGGAACGACAATTTG,25,-0.2,((.........))............,48.0,16.0
0ssrS,ACTGAACAGTTGGTCTTCATTGCCGCATTGAATATCAGCTATGAGTTAGCGCAAGAAAAAGCAAAGACTCGTGACTACGCGGCAAGTATGGAACAGCGTATTCGGATGCTGCAGCAGACCATAGAACAAGCGTTACTTGAACAAGGTCGCATCACCGAAAAAACTAACCAAAACTTTGAATGACACTTTTCGGTTTACTGTGGTAGAGTAACCGTGAAGACAAAA,225,-49.1,........((((.(((...(((((((..(((...)))(.((((((((.((..........))...)))))))).)...)))))))....))).))))...(((((.((.(((....((((......((((.....)))).....))))))).))))))).........(((....))).......((((.((((.((((.......)))))))).))))......,43.11,54.22
0tsx,CTCTGTATACGAAATATTTAGAAACGCAATTTGCGCCTTTTTCACTCCCGCAAGGGATTTTCAAACAGTGGCATACATA,79,-15.9,.((((.(((.....))).))))..((((...))))..........((((....))))..........(((...)))...,39.24,45.57
0uspA,TGGTCTTAACACTGAATCTTTACGGCTGGGTTAGCCCCGCGCACGTAGTTCGCAGGACGCGGGTGACGTAACGGCACAAGAAACGCTAGCTGGCCAGTCATCGACAACTTTATGGAAGGAGTAACACTA,129,-30.3,..(((((.....(((((...((((((((((.....)))).)).))))))))).)))))...((((((....((((...((.....)).))))....))))))....(((((......))))).......,52.71,57.36
0xapR,ATGTATTTATTATATGGAGCACTTAATTA,29,-1.0,..((.(((........))).)).......,20.69,34.48
1crp,GCCCCTTCCCAGGTAGCGGGAAGCATATTTCGGCAATCCAGAGACAGCGGCGTTATCTGGCTCTGGAGAAAGCTTATAACAGAGGATAACCGCGCA,96,-24.1,(((.((((((.......))))))........)))..(((((((.(((.........))).)))))))....((((((........))))..))...,54.17,52.08
1cstA,TCTCTATGGACACGCACACGGATAACAACTA,31,-3.1,..(((.((........)).))).........,45.16,32.26
1eda,TTTTTAAGACGACAAATTTGTAATCAGGCGAGAGAAAACTCTGA,44,-5.5,.......((..(((....)))..)).....((((....))))..,34.09,40.91
1endA,TCCTGATCTGGCTGATTGCATACCAAAACAGCTTTCGCTACGTTGCTGGCTCGTTTTAACACGGAGTAAGTGA,73,-12.8,....((...(((((.((........)).))))).))......(((((.((((((......)).)))).))))),46.58,54.79
1fur,ATTATCTCAAGAGCAAATTCTGTCACTTCTTCTAATGAAGTGAACCGCTTAGTAACAGGACAGATTCCGCA,71,-12.8,.........(((......))).(((((((.......)))))))..............(((.....)))...,39.44,36.62
1gltX,CCCGAACTACATTGAGGAATCAGGCGGGAGTGATAGAATATCGCCCACTTAATTTTTCCAGGATTTGCCGGTTGTCGGCATCTTTCTAAACGTAAGGCCATTTCA,105,-24.4,.............(((((((.(((..((.((((((...)))))))).))).))))))).((((..((((((...))))))...))))...(....).........,45.71,55.24
1gntR,CGCGTCGTTAGCACAATGCGATGCAATTGATTTAGTGTATATCTAATAATTGTAAACAAGCACTGTTTTCCCCGGGAAGGTTCTGATGTGTCCGTGTTAAACTAAGAGAATCTATCTCTTTTGTACCTTCAGGACGA,137,-31.1,.(((((((.........)))))))....((..((((((.(.(.((.......)).).).))))))...))..(((((...)))))....((((.......((.((((((.....))))))..)).......))))..,40.15,52.55
1hupB,TTTTTTTGTCTCGCTAAGTTAGATGGCGGATCGGGCTTGCCCTTATTAAGGGGTGTTGTAAGGGGATGGCTGGCCTGATATAACTGCTGCGCGTTCGTACCTTGAAGGATTCAAGTGCGATATAAATTATAAAGAGGAAGAGAAGAG,147,-36.7,(((((((.((((..(((.((((.((((((((((((((..(((((..(((......)))..)))))......))))))))....))))))..)..((((((.(((((...)))))))))))..))).)))....))))..))))))).,44.9,69.39
1mreB,AATTTTCACCGTAGCAGATGATTTTTGCGCCTTGTCGCTGCTGCGTGTGGTTGGTAAAGTAAGCGGATTTTCTTTTCCGCCCCAGCTTTCAGGATTATCCCTTAGTA,107,-27.1,.(((.((((((((((((.((((...........)))))))))))).))))..)))....((((.((((..((((....((....))....))))..))))))))...,45.79,61.68
1ompC,GTTGGATTATTCTGCATTTTTGGGGAGAATGGACTTGCCGACTGATTAATGAGGGTTAATCAGTATGCAGTGGCATAAAAAAGCAAATAAAGGCATATAACAGAGGGTTAATAACA,116,-25.1,((.((.(((((((.(........).))))))).)).))..((((((((((....))))))))))((((....))))......((........))...((((.....))))......,37.07,55.17
1pflB,GTCATTTACCTGCGTGAAAACGACCACCATTAATGGTTGTCGAAGTACGCAGTAAATAAAAAATCCACTTAAGAAGGTAGGTGTTACA,88,-26.4,...((((((.((((((....((((.((((....)))).))))...))))))))))))........((((((......)))))).....,38.64,59.09
1pgk,ATGGGGCTTTGCTAACCGAATGCTCGACACGACGTTAGCTATGGCTACTGTTGCTTTCAGGTAAGACGCAAGCAGCGTCTGCAAAACTTTTAGAATCAACGAGAGGATTCACCA,114,-28.8,...((((((((.....)))).))))....(((((.((((....)))).)))))..........((((((.....))))))............(((((........)))))....,47.37,49.12
1pspF,AGCGAATTACACTAACAAGTGGCGAATTTCATCA,34,-4.6,...(((...((((....))))......)))....,38.24,41.18
1putP,TGAATAACCAGCGCTTCCGGCAGGATACGGTCGCCCTGGTAAAACATAAACTCTGTTACCCCGTTCCGGTGGCAGATATAACGGCAAGTTTCGACATTGCCGATAATAATTTTTTGGAGACTTTAGA,127,-34.7,......(((((.((..(((........)))..)).)))))...........(((((((((.......))))))))).....((((((((....)).)))))).............(....)......,45.67,44.09
1rpoD,AATAATGCTGCCACCCTTGAAAAACTGTCGATGTGGGACGATATAGCAGATAAGAATATTGCTGAGCAAACCTTCACCGACTCACTCAACCATATGTTTGATTCGCTGCTTGAACTGCGCCAGGAAGAGTTAATCGCTCGTGAGCGCACGCATGGTTTAAGCAACGAAGAACGCCTGGAGCTCTGGACATTAAACCAGGAGCTGGCGAAAAAGTGATTTAACGGCTTAAGTGCCGAAGAGCGATCGGGAAGCCCCCGACAGCCGCACTGAGAGGCAGCGGCAAATATATAAGTACGCCCTCGTAATTATCGTTGGCGGTAAACAACCGTTGGATTTCAGCGTTAACGGCTGAAGGACATCGGGTCAATCGCCCAACACCAACCTCATGAAATAAGTGTGGATACCGTCTTA,411,-110.6,................((....))..((((.((.(((......((((((.........))))))......))).)).))))....((((.(....).))))((((.((((((((((((((......((((.....))))....))))......)))))))))).))))...((((...((((((((........))).)))))))))..(((....)))..((((......))))........(((((.....)))))..(((((.((....))..)))))......((((.((((....)))).)))).(((((((((......(((.((..(((((((.......)))))))..)).)))....)))).))))).....((.(((.......))).))...........,48.91,53.04
1rpoH,TCTTAAGCTCTGGCACAGTTGTTGCTACCACTGAAGCGCCAGAAGATATCGATTGAGAGGATTTGAA,67,-14.4,........((((((.((((.((....)).))))....)))))).....((((((....))..)))).,44.78,53.73
1serX,CCAGCAAGACAGGAACGACAATTTG,25,-0.2,((.........))............,48.0,16.0
1uspA,ATCTTTACGGCTGGGTTAGCCCCGCGCACGTAGTTCGCAGGACGCGGGTGACGTAACGGCACAAGAAACGCTAGCTGGCCAGTCATCGACAACTTTATGGAAGGAGTAACACTA,114,-28.4,.....((((((((((.....)))).)).))))...(((.....)))((((((....((((...((.....)).))))....))))))....(((((......))))).......,54.39,52.63
1xapR,ATGTATTTATTATATGGAGCACTTAATTA,29,-1.0,..((.(((........))).)).......,20.69,34.48
2endA,GTTTTAACACGGAGTAAGTGA,21,-2.6,.......(((.......))).,38.1,28.57
2fur,GATACGCATTATCTCAAGAGCAAATTCTGTCACTTCTTCTAATGAAGTGAACCGCTTAGTAACAGGACAGATTCCGCA,78,-14.6,((((.....))))...(((......))).(((((((.......)))))))..............(((.....)))...,41.03,43.59
2hupB,GGATCGGGCTTGCCCTTATTAAGGGGTGTTGTAAGGGGATGGCTGGCCTGATATAACTGCTGCGCGTTCGTACCTTGAAGGATTCAAGTGCGATATAAATTATAAAGAGGAAGAGAAGAG,120,-28.6,..((((((((..(((((..(((......)))..)))))......))))))))......((...))..((((((.(((((...)))))))))))...........................,46.67,48.33
2metY,AGATTTTACGTCCCGTCTCGGTACACCAAATCCCAGCAGTATTTGCATTTTTTACCCAAAACGAGTAGAATTTGCCACGTTTCAGGC,87,-14.5,.(((((...((.(((...))).))...)))))...(((.....)))...((((((.(.....).))))))...(((........))),43.68,52.87
2pflB,TTCTCACCTGACCGTGATGAATTTCATCACTGATAACCTGATTCCGGTTACGATCGGCAACATTATCGGTGGTGGTTTGTTGGTTGGGTTGACATACTGGGTCATTTACCTGCGTGAAAACGACCACCATTAATGGTTGTCGAAGTACGCAGTAAATAAAAAATCCACTTAAGAAGGTAGGTGTTACA,188,-59.9,.....(((((((((.........(((((((((((((..((.(.(((((....))))).).))))))))))))))).....)))))))))((((.......))))(((((.((((((....((((.((((....)))).))))...))))))))))).........((((((......)))))).....,42.55,62.77
2putP,ACCAGCGCTTCCGGCAGGATACGGTCGCCCTGGTAAAACATAAACTCTGTTACCCCGTTCCGGTGGCAGATATAACGGCAAGTTTCGACATTGCCGATAATAATTTTTTGGAGACTTTAGA,121,-34.4,(((((.((..(((........)))..)).)))))...........(((((((((.......))))))))).....((((((((....)).)))))).............(....)......,47.11,46.28
2rpoH,GATAACCTCGTTGCTCTTAAGCTCTGGCACAGTTGTTGCTACCACTGAAGCGCCAGAAGATATCGATTGAGAGGATTTGAA,81,-17.3,.......(((.(.(((((((..((((((.((((.((....)).))))....)))))).........))))))).)..))).,45.68,56.79
2serX,CCAGCAAGACAGGAACGACAATTTG,25,-0.2,((.........))............,48.0,16.0
2xapR,GTTTATGTATGTCGGATATCTGGTGGTGAAATACTTTATGCCATGATAATTTAATACGATGTATTTATTATATGGAGCACTTAATTA,87,-12.0,......((((.(((..(((...))).))).))))....((((...(((((..(((((...))))).)))))...).)))........,28.74,55.17
3hupB,GGATCGGGCTTGCCCTTATTAAGGGGTGTTGTAAGGGGATGGCTGGCCTGATATAACTGCTGCGCGTTCGTACCTTGAAGGATTCAAGTGCGATATAAATTATAAAGAGGAAGAGAAGAG,120,-28.6,..((((((((..(((((..(((......)))..)))))......))))))))......((...))..((((((.(((((...)))))))))))...........................,46.67,48.33
3pflB,GGTTTTGAGCACAGTATCGCAAACATGTTTATGATCCCGATGGGTATTGTAATCCGCGACTTCGCATCCCCGGAATTTTGGACCGCAGTCGGTTCTGCACCGGAAAATTTTTCTCACCTGACCGTGATGAATTTCATCACTGATAACCTGATTCCGGTTACGATCGGCAACATTATCGGTGGTGGTTTGTTGGTTGGGTTGACATACTGGGTCATTTACCTGCGTGAAAACGACCACCATTAATGGTTGTCGAAGTACGCAGTAAATAAAAAATCCACTTAAGAAGGTAGGTGTTACA,298,-83.9,.(((((((........))).))))....((((((((((...))).)))))))...(((....)))....((((......((((((....))))))....))))............(((((((((.........(((((((((((((..((.(.(((((....))))).).))))))))))))))).....)))))))))((((.......))))(((((.((((((....((((.((((....)))).))))...))))))))))).........((((((......)))))).....,44.63,59.73
3putP,CGCCCTGGTAAAACATAAACTCTGTTACCCCGTTCCGGTGGCAGATATAACGGCAAGTTTCGACATTGCCGATAATAATTTTTTGGAGACTTTAGA,96,-21.5,.....((......)).....(((((((((.......))))))))).....((((((((....)).)))))).............(....)......,42.71,41.67
3rpoH,AGTGAATGATAACCTCGTTGCTCTTAAGCTCTGGCACAGTTGTTGCTACCACTGAAGCGCCAGAAGATATCGATTGAGAGGATTTGAA,88,-18.8,....(((((.....))))).(((((((..((((((.((((.((....)).))))....)))))).........)))))))........,44.32,54.55
4hupB,GCGTTCGTACCTTGAAGGATTCAAGTGCGATATAAATTATAAAGAGGAAGAGAAGAG,57,-9.7,....((((((.(((((...)))))))))))...........................,38.6,38.6
hupB,GCGTTCGTACCTTGAAGGATTCAAGTGCGATATAAATTATAAAGAGGAAGAGAAGAG,57,-9.7,....((((((.(((((...)))))))))))...........................,38.6,38.6
accD,CATTCATGGTCTGTTGGGGGCAAAAATGGCATTATGCGTCCCCAAAGATAAAACTGGCATCGAACCAGGTTCAGACAGAAAGGTCCCTAA,90,-20.5,......(.((((.((((((((................)))))))))))).)..((((.......)))).....(((......))).....,46.67,44.44
acnB,TGCGGTACTGGGCATTTACCCTACAAACTGCTGTCTCACAGGAGCGTGAAGAGAATCGCCTGCCGCACTATGACAATGAGAGCGAGGAGAACCGTCG,97,-21.2,((((((...((((((((...((.((..((.((((...)))).))..)).)).)))).))))))))))....(((...................))).,54.64,55.67
acpP,AACCATCGCGAAAGCGAGTTTTGATAGGAAATTTAAGAGTA,41,-8.9,.....((((....)))).((((((........))))))...,36.59,48.78
aes,GTTTCAATATCAGCAGGCGGGATCGCATTTTCATGGCAGTGGTTCCTTACAATGACGTAATTTGAAAGGAGTTTTTGTA,79,-13.2,..................((((((((............)))))))).(((((.(((..............))).))))),40.51,40.51
agp,GATTGATAACAAAAGAGGTGCCAGGAA,27,-0.2,........((.......))........,40.74,14.81
aldB,ACCTCACACCGCAAGGAGACGATCA,25,-3.7,........((....)).........,56.0,16.0
amyA,ACGGCTACGCTTCTAATGTTCCCCTTGAATGGAGTCGAAGAA,42,-5.2,....((.((.((((...((((.....)))))))).)).))..,47.62,57.14
ansB,GTCAAATTTCCCATACAGAGCTAAGGGATAATGCGTAGCGTTCACGTAACTGGAGGAATGAAA,63,-9.3,........((((.((......)).))))..........(((((...(.....)..)))))...,42.86,38.1
argP,TTTACCAGGAGCAGACAACAGCAA,24,-1.6,..........((........))..,45.83,16.67
aroG,TATTGCATTCACTAAGATAAGTATGGCAACACTGGAACAGACA,43,-5.5,..((((....(((......)))...))))..(((...)))...,37.21,46.51
aroH,ATCACTTCCCGGCAGTCCTGCCGTAGAAGCAACAAATTTCTGAGACTTGTAA,52,-12.2,....((((.(((((....)))))..))))..((((.((.....)).))))..,46.15,57.69
aroP,AAGTCTTTTTGTAACAATTCAAACTTCTTTGATGTAAACAAATTAATACAACAAACGGAATTGCAAACTTACACACGCATCACTGCGTAGATCAAAAAAACAACCACCGCACGAGGTTTCA,121,-16.7,.........(((((((((((.......((((.((((..........)))).))))..)))))).....))))).(((((....))))).................(((......)))....,34.71,44.63
artJ,ATGCCGCAGACACGGCCAAAAATCATAAGATTGACAGACGGGAGTTCCATCA,52,-10.7,..((((......))))....((((....))))....((.(((...))).)).,48.08,50.0
aspS,CTTTTTTCATTCAGTTGTGACATACAGCTAACGCTGCGACTTGGTCACCTGCGCAGCAGGGGGCATCCGCCGGCAGCTAAGTTAAGGGATATCTCA,96,-27.2,............(((((((...)))))))...((((((((...))).(((((...))))).(((....))).)))))........(((....))).,52.08,54.17
aspV,CCCAACGGAACACAACGCG,19,-0.2,((....))...........,63.16,21.05
asr,AACGGCCCCGCAGTGGGGTTAAATGAAAAAACAAATTGAGGGTATGACAA,50,-8.5,..((..(((.((((...(((.........)))..)))).)))..))....,44.0,48.0
bamC,AATCCCGGTGAAATGGGCATGTAAGGAACTGGGTCTTGTGGCGACCGATACGCTGCGCCTGCCAATGACACCAATCACCGACAGTGGTCGTGAGACGGTCAGAGCGGCGCTTAAGCATGCCGGTTTGCTGTAAAGTTTAGGGAGATTTGA,150,-44.4,...((((((..................))))))..(((.((((((((.((.((((((((.((...((((.....((((.(((....)))))))....))))..)))))))...))).)).))).))))).)))...(((((....))))),54.0,60.0
bglG,ACGCAATTAAATTAATTTCCGAACCTGGATGTTCGTTATAAAAACCATTAATAAATGACTGGATTGTTACTGCATTCGCAGGCAAAACCTGACATAACCAGAGAATACTGGTGAAGTCGGGTTTTTTTGTTTATAAAAAAGGTCCTTGCTA,151,-34.2,.........(((.(((.((((....)))).))).))).......(((.(........).))).((((..((((....)))))))).(((((((.(.(((((......))))).).)))))))(((((((....)))))))...........,35.1,55.63
bglX,GCGAGTGAATATTTTGAAAATTCAGACAATAAACTGAGCATTCTTTTTCTCTCTCCATCATGCTTATGGCAAACTACGGTTTTTGCACCATTTTCGCTGCCACGTCGGGCAACAAAGGAAGAAAAATCCATA,132,-25.1,..(((.(((......(((..(((((........)))))..)))...))).))).......((((...))))......(((......)))......(.((((......)))).)...(((.......)))...,39.39,43.94
bolA,GATGGATGACATCTCAGCGTTGTCGGAGGAGATATTTCA,39,-6.6,....((((((........)))))).((((.....)))).,46.15,51.28
clpB,AGTAGCAACTTTGATCCGTTATGGGAGGAGTTA,33,-7.3,......((((((..(((.....))).)))))).,42.42,54.55
cmr,GATTATTATTGGCGAAGAAATTGCA,25,-3.8,...........((((.....)))).,32.0,32.0
crp,TCCCAGGTAGCGGGAAGCATATTTCGGCAATCCAGAGACAGCGGCGTTATCTGGCTCTGGAGAAAGCTTATAACAGAGGATAACCGCGCA,90,-21.6,((((.......)))).((........))..(((((((.(((.........))).)))))))....((((((........))))..))...,52.22,48.89
crr,GCTGGGGATGGGTCTGGACGAATTCTCTATGAGCGCCATTTCTATCCCGCGCATTAAGAAGATTATCCGTAACACGAACTTCGAAGATGCGAAGGTGTTAGCAGAGCAGGCTCTTGCTCAACCGACAACGGACGAGTTAATGACGCTGGTTAACAAGTTCATTGAAGAAAAAACAATCTGCTAATCCACGAGATGCGGCCCAATTTACTGCTTAGGAGAAGATCA,225,-51.8,((..((((((((..(((.((..((......)).)))))..))))))))..)).................((((((...(((((......)))))))))))...((((((....))))))......(((.((((..((((((.......))))))..)))).)))...........((((.....(((.......((((.........))))...)))..))))..,46.67,51.56
cspA,AAGAGTTATCGTTGATACCCCTCGTAGTGCACATTCCTTTAACGCTTCAAAATCTGTAAAGCACGCCATATCGCCGAAAGGCACACTTAATTATTAAAGGTAATACACTA,110,-16.4,..(((.((((...))))...)))...(((((((.....................)))...))))........(((....))).........(((((....))))).....,39.09,40.0
cstA,ACACGCACACGGATAACAACTA,22,0.0,......................,45.45,0.0
cysB,GTATTAGTCACCCGCCAGGTGTGACGAAAAAACGATGTTCTGATGGCGTCTAAGTGGATGGTTTAACA,68,-14.6,......(((((((....)).)))))........((((((.....))))))...((..........)).,45.59,44.12
cysK,GTATCCCAATTTCATACAGTTAAGGACAGGCCA,33,-3.6,((((.........))))......((.....)).,42.42,36.36
dapB,GGTCTATGCAAATTAACAAAAGAGAATAGCTA,32,-2.1,.((..((....))..)).....((.....)).,31.25,37.5
dapD,TGTGTTTACTGATATGAAAAGAGTTTAACAA,31,-4.0,..((((.(((...........)))..)))).,25.81,45.16
degQ,GTTTTGAATCTCTTTTCTTATCATTCAGGTACGAGAGCAGGAATAA,46,-7.6,.(((((..((((.(.(((........))).).)))).)))))....,34.78,56.52
degS,GTTCCCTTTTTTAATGACGCCTCCATCA,28,-0.1,(((............)))..........,42.86,21.43
dinQ,GTTAGCTCTGAGGCATTTTCACTCTGGCAATGCGCATAAACGCTTTCAAAGTCCTGGTCAGAAGTACGGGTGGTGCCGTTAACTGATGCTCTGGCCGGAGTGAGAGAGTTCTTATCTAACAATGAGACATGCGCCGTGACAGGCAGTGGATGAGTAAGCGGATGCATTCTCACTCCATCGCATGGAGAAAACGGG,195,-57.2,(((((...((((((.(((((((((((((...((((((((..((..(((..((.((.......)).))...))).))..)))..)).)))....))))))))))))).)).)))).)))))..(((((.(((((((((.((...((.....)).))..)))).))))))))))((((((...))))))........,50.77,66.67
eda,ACCGGTGTTTCAAAATTGCGTTAGTTACCGATGGACGACTCTCCGGCGCTTCAGGTAAAGTGCCGTCAGCTATCCACGTAACACCAGAAGCCTACGATGGCGGGCTGCTGGCAAAAGTGCGCGACGGGGACATCATTCGTGTGAATGGACAGACAGGCGAACTGACGCTGCTGGTAGACGAAGCGGAACTGGCTGCTCGCGAACCGCACATTCCTGACCTGAGCGCGTCACGCGTGGGAACAGGACGTGAATTATTCAGCGCCTTGCGTGAAAAACTGTCCGGTGCCGAACAGGGCGCAACCTGTATCACTTTTTAAGACGACAAATTTGTAATCAGGCGAGAGAAAACTCTGA,354,-100.2,(((((((..........(((((((((.((..((...((.((((((((((...........(((((.(((((..(((((((............)))).)))..))))).))))).....))))..))))))..)).(((((....)))))))....))..))))))))))))))))......(((((......))))).(((...)))....(((((.(((..(((((...))))))))..)))))..((((...))))((((((((..((....(((....)))..))..))))))))..((((.((.((..(((........)))...)).))))))..((((....))))..,53.95,60.45
endA,GTTTTAACACGGAGTAAGTGA,21,-2.6,.......(((.......))).,38.1,28.57
exbD,GCACGCCAGATTGGCGGCTTTAAAGCGATGCTGGGTGATGTTGCAGCGCAGGTATTGTTGCTGCAAAGCCGTGACCTGGATCTGGAAGCCAGCGCCGCTGCGCATCCGGTTCGTGTCGCACAAAAATTACGCGCAGGATAATATCCGA,148,-52.1,((.(((((...))))))).....(((((((((..(((.((...)).))).)))))))))(((....))).(((((.((((.(((((.((((((...)))).)).))))))))).)))))................((((...))))..,56.08,64.86
fabB,GAAACTTACTCTATGTGCGACTTACAGAGGTATTGAA,37,-4.9,......(((.((.((((.....)))).))))).....,37.84,48.65
fadR,GCTGTGTTATGGAAATCTCACTA,23,-3.5,...(((..((....))..)))..,39.13,43.48
feaB,AGTCTTGTCAGGCATAGAGACATAAGCGGTTATTGTCACGATTTGCGGAGCTTGTCACAGCTGACAAAGCGAATGTCACAGCGAAAAAAGTGACTTTTCTTGTCGCTGCGTACACTGAAATCACACTGGGTAAATAATAAGGAAAAGTGA,150,-30.0,.((((....)))).....((((...........))))..(((((.(((....((((.((((.(((((...(((.(((((..........)))))..)))))))))))).).))))))))))).((((...(..........)...)))).,42.67,56.0
fhuE,TGCATTTACAAACAAAATTATTCGCACACTAAATATAATCGCTCATCACCCTCCTCCGGCATGAGCCTGACGACAACATAAACCAAGAGATTTCAAA,97,-9.8,(((....................)))..............((((((...((......)).))))))....................((....))...,39.18,26.8
frr,ACTTCCACTGTGTGTGACTGTCTGGTCTGACTGAGACAAGTTTTCAAGGATTCGTAACG,59,-9.1,.......((.((...(((((((((((...))).))))).)))..)).))..........,45.76,50.85
fumA,TTTAACAGGGCAACGGAACACCCGCCCAGAGCATAACCAAACCAGGCAGTAAGTGAGAGAACAA,64,-10.6,.......((((...((....)).))))...((.............)).....((......))..,50.0,31.25
fur,GATACGCATTATCTCAAGAGCAAATTCTGTCACTTCTTCTAATGAAGTGAACCGCTTAGTAACAGGACAGATTCCGCA,78,-14.6,((((.....))))...(((......))).(((((((.......)))))))..............(((.....)))...,41.03,43.59
gadW,TGCTGCATTTACTTATTATCAATTAACTGTTATGCAAAACTACTTTGTGGATAAATTTTGGTCCTACCAAATCTGGCAGTTTTTGCGCTAAGAAACAGTCTGGCATCATTTCATTAGTATACTGAAATTGAAATAATCGCAGTATGAAATATAAGGGATAATCA,164,-28.4,...(((((..((...(((.....)))..)).)))))...((((...))))......((((((...))))))...(((.((((((......)))))).)))....(((.((..(((..(((((((..((((...))))..))))))).)))..))..))).....,31.71,58.54
gadX,TAATATGTTTATGTAATATTAAGTCAACTA,30,-2.3,((((((.........)))))).........,16.67,40.0
galE,ATACCATAAGCCTAATGGAGCGAATTA,27,-3.2,...((((.......)))).........,37.04,29.63
gcd,AAACCTATAATTAATTGCTACTAAAATATTAATGAATTGAAATGGTGTCTCTTTA,55,-5.3,..(((..(((((.((((.((......)).)))).)))))....))).........,21.82,50.91
glgS,ACTGATTGGGGAATACTGAAATCAGAAAAAGCATATGGCCTTAAAAGGTATGCGATAACCGGAGGATGTGCTTA,74,-18.1,.((((((.((.....))..))))))...((((((((..((((....(((........))).)))))))))))).,40.54,62.16
glk,AAGAATTATTTTGACTTTAGCGGAGCAGTTGAAGAA,36,-6.1,..............(((((((......)))))))..,33.33,38.89
glnS,GTTATACGTTGTTTACGCTTTGAGGAATCCACGA,34,-2.8,......(((.....)))....((....)).....,41.18,29.41
glpR,GTGCAGCAAAAATTCAGCGGGCCGTGGTTTGGCGGGCTTTCTGGCGTGGTGTATGCGCTGATGGGCTACGTCTGGCTACGTGGCGAACGCGATCCGCAAAGTGGCATTTACCTGCAACGTGGGTTAATTATCTTTGCGCTGATCTGGATTGTCGCCGGATGGTTTGATTTGTTTGGGATGTCGATGGCGAACGGAGCACACATCGCCGGGTTAGCCGTGGGTTTAGCGATGGCTTTTGTTGATTCGCTCAATGCGCGAAAACGAAAATAATTCCAGGGATTTATAAA,287,-82.9,(((((........((((((((((((.(((.(((.((((.(((((((..((((..((.(((.(..((((((((((((.(((.......((.(((((((((((....(((.((((((...)))))).)))...)))))))..))))))...))).))))))))..(((((...........)))))))))..)))).))))))..)))))))..))))....))).))).))))))..)))))).........)))))..........((((.((....)).))))...,51.57,64.11
gltA,TGAAGTCGGTATTTCACCTAAGATTAACTTATGTAACAGTGTGGAAGTATTGACCAATTCATTCGGGACAGTTATTAGTGGTAGACAAGTTTAATAATTCGGATTGCTAAGTACTTGATTCGCCATTTATTCGTCATCAATGGATCCTTTACCTGCAAGCGCCCAGAGCTCTGTACCCAGGTTTTCCCCTCTTTCACAGAGCGGCGAGCCAAATAAAAAACGGGTAAAGCCAGGTTGATGTGCGAAGGCAAATTTAAGTTCCGGCAGTCTTACGCAATAAGGCGCTAAGGAGACCTTAAA,300,-67.2,(((((((((((((((((.((((.....)))).)).........)))))))))))...))))..((((((.((..((((((((.((.............))..))))))))..))(.((((.(((.....((((((((((((((...(((((((((....((((....(((((((....(((......))).....)))))))))))..............))))))))))))..)))))).)))))))).)))).).))))))...((((((.....))))))..(((((...)))))..,42.67,63.33
gltX,GGTAGAAACCCGAACTACATTGAGGAATCAGGCGGGAGTGATAGAATATCGCCCACTTAATTTTTCCAGGATTTGCCGGTTGTCGGCATCTTTCTAAACGTAAGGCCATTTCA,113,-26.9,.((((.........))))...(((((((.(((..((.((((((...)))))))).))).))))))).((((..((((((...))))))...))))...(....).........,45.13,58.41
glyA,GCCGTTGTCCAACAGGACCGCCTATAAAGGCCAAAAATTTTATTGTTAGCTGAGTCAGGAGATGCGGA,68,-12.9,......((((....)))).((((....))))..................(((.(((....))).))).,47.06,41.18
gntK,CCGATAACAGTTACCCGTAACATTTTTAATTCTTGTATTGTGGGGGCACCACTT,54,-7.7,.........((((....))))..................((((.....))))..,40.74,29.63
gntR,ACGCTTCCGGGGTTTTGCCGCGTCGTTAGCACAATGCGATGCAATTGATTTAGTGTATATCTAATAATTGTAAACAAGCACTGTTTTCCCCGGGAAGGTTCTGATGTGTCCGTGTTAAACTAAGAGAATCTATCTCTTTTGTACCTTCAGGACGA,155,-36.6,....((((((((...(((.(((((((.........)))))))..(((.((..(..(((.....)))..)..)).)))))).......))))))))..(((((((.(.((.........((.((((((.....))))))..))))).)))))))..,42.58,58.06
gpt,GCGCAACCTATTTTCCCCTCGAACACTTTTTAAGCCGTAGATAAACAGGCTGGGACACTTCACA,64,-7.5,.............((((...............((((...........)))))))).........,46.88,25.0
gyrB,TAACCCAAGTATAAATGAGCGAGAAACGTTGA,32,-2.4,.................((((.....))))..,37.5,25.0
hisL,ATCAGTTGAATAAACATTCACAGAGACTTTTA,32,-2.6,.((.((.((((....)))))).))........,28.12,50.0
hns,AACAAACCACCCCAATATAAGTTTGAGATTACTACAA,37,-2.7,..(((((.............)))))............,32.43,27.03
htpG,TTTAACCTTAAAATGGCATTATTGAGGTAGACCTACA,37,-6.0,.((.(((((((..........))))))).))......,32.43,48.65
htpX,ATCGCATATTGCGTTTTGTTAAACTGAGGTAAAAAGAAAATTA,43,-4.3,..((((...))))((((.(((........))).))))......,27.91,51.16
ihfA,GACGTGTACCGCGGTAAGGGTGTTGCGGAGGGGTATAAGAGCCTCGCCATAAGCCTGATCCTGCAAGATACCAGCCGTACACTCGAAGAAGAGGAGATTGCCGCTACCGTCGCCAAATGTGTAGAGGCATTAAAAGAGCGATTCCAGGCATCATTGAGGGATTGAACCTA,170,-41.4,((.((((...(((((...(((((((((((.((((.((.(.((...))).)).))))..))).)))..))))).)))))))))))...........((.((((......(((((.....((((....)))).......)))))....))))))....(((.......))).,52.35,57.65
ihfB,ACTAAGGGCGGCTACGGCCGCCCTTAATCAATGCAGCAACAGCAGCCGCTTAATTTGCCTTTAAGGAACCGGAGGAATCA,80,-28.6,..((((((((((....))))))))))......((.((.......)).))........(((...))).....((....)).,52.5,47.5
ilvA,ACGTCAGGTCTCCTTTGCCCTGCGTGCTTATGCCAGCCTGGCAACCAGCGCCGACAAAGGCGCGGTGCGCGATAAATCGAAACTGGGGGGTTAATAA,97,-28.9,(((.((((.(......).))))))).....(((((...)))))(((.(((((......))))))))...(((....))).((((....)))).....,57.73,57.73
ilvL,ATTCCTTCGAACAAGATGCAAGAAAAGACAAAA,33,-0.7,.(((..((......)).....))).........,33.33,30.3
ilvY,AACGTCACATTGCAATTTTTGCAACGTCAACATCGAGGGCTGTCCCTG,48,-10.9,...((.((.((((((...)))))).))..))....((((....)))).,47.92,58.33
infA,CGCAGAGTTGGTTACGCTCATTACCCCGCTGCCGATAAGGAATTTTTCGCGTCAGGTAACGCCCATCGTTTATCTCACCGCTCCCTTATACGTTGCGCTTTTGGTGCGGCTTAGCCGTGTGTTTTCGGAGTAATGTGCCGAACCTGTTTGTTGCGATTTAGCGCGCAAATCTTTACTTATTTACAGAACTTCGGCATTATCTTGCCGGTTCAAATTACGGTAGTGATACCCCAGAGGATTAGA,243,-54.1,((((....((((((.(((...((((.(((.((..((((((.......((.((.((((((((.....)).)))))).))))...))))))..)).))).....)))).))).))))))))))..(((((.........)))))....(((((.(((......))))))))................((((..(((((......))))))))).......((((....)))).............,47.74,54.32
infC,AGCACTTTTGGCTTCGAGAAGATCGTCGTCAAACTCTCCACTCGTCCTGAAAAACGTATTGGCAGCGACGAAATGTGGGATCGTGCTGAGGCGGACCTGGCGGTTGCGCTGGAAGAAAACAACATCCCGTTTGAATATCAACTGGGTGAAGGCGCTTTCTACGGTCCGAAAATTGAATTTACCCTGTATGACTGCCTCGATCGTGCATGGCAGTGCGGTACAGTACAGCTGGACTTCTCTTTGCCGTCTCGTCTGAGCGCTTCTTATGTAGGCGAAGACAATGAACGTAAAGTACCGGTAATGATTCACCGCGCAATTCTGGGGTCGATGGAACGTTTCATCGGTATCCTGACCGAAGAGTTCGCTGGTTTCTTCCCGACCTGGCTTGCGCCGGTTCAGGTTGTTATCATGAATATTACCGATTCACAGTCTGAATACGTTAACGAATTGACGCAAAAACTATCAAATGCGGGCATTCGTGTTAAAGCAGACTTGAGAAATGAGAAGATTGGCTTTAAAATCCGCGAGCACACTTTGCGTCGCGTCCCATATATGCTGGTCTGTGGTGATAAAGAGGTGGAATCAGGCAAAGTTGCCGTTCGCACCCGCCGTGGTAAAGACCTGGGAAGCATGGACGTAAATGAAGTGATCGAGAAGCTGCAACAAGAGATTCGCAGCCGCAGTCTTAAACAATTGGAGGAATAAGGTA,709,-197.1,(((((.((((((..(((.....)))..)))))).((.((((((((((((..((.....))..))).)))))...))))))..)))))....((((((.(..((..(((((...............((((.((((...)))).))))....)))))..))..)))))))........((((.((.(((..(((((((((((((((.((((((..(((((.....((.((((((.((((((.......((((((((...(((((.......))))).))))..((((.((((.((.(.((((((((((.(((((((((.((..((((((..((((((.(((.(((((......))))).)))..)).....))))...)))))))).))))).))))...))))))))))..).)).))))...)))).((((((......((((((...((.((((............))))..))....))))))..)))))).))))...)))))).)))))).))....))))).)).)).((((((((((.(((((........(((((..((((.......((((((((..((((....)))))))).)))))))).......)))))))))).))...))))))))))..)))))))))..(((((............))))).))))))....)))...))..))))......,48.66,63.47
ivbL,AAATATTGTTAAACACAAAACCAACAAGGTCCCCAA,36,-4.2,.....((((.....)))).(((.....)))......,33.33,38.89
katE,TTTTTTGACCAAAACAGCGGCCCTTTCAGTAATAAATTAAGGAGACGAGTTCAA,54,-3.3,............(((..((..((((..(((.....)))))))...)).)))...,37.04,44.44
kdsA,GTAATCCGCAAATTGCTGGATACACTCAAAGCCTCGTTGATGGAAGAAAATCAGATGGAGCTGGCGTTACGCACCAGCGAAGCTTTATTACAATTCAACCCTGAAGATCCCTATGAAATTCGCGATCGCGGGTTGATTTATGCGCAACTGGATTGCGAACACGTTGCGTTGAACGATTTAAGTTATTTCGTTGAACAGTGTCCGGAAGACCCGATCAGCGAAATGATCCGTGCGCAAATAAATAACATCGCGCATAAACATATTGTGCTGCATTAATTAATCGACATTTTACTCAAGATTAAGGCGATCCTA,312,-77.3,(((.((((((...))).))))))....(((((.((((((.((....((..((((......))))..))...)).)))))).))))).....((.(((((((.(..((((....(((...))).)))).)))))))).)).((((((..((((..((((.....)))).(((((...))))).((((((((((((.(.(.(((.....)))).).)))))))))))))))))))))).............((((((((.....)))))).)).....((((((..............))))))..........,42.95,60.9
ldrD,AAGCCGGAAAGGTTCCGGTGAGGCGCAATGTTGCGGGGGCTTTATCCCTGGTGGCATTGGTTGCTGGAGAGAGAAAACCCCCGCACGTTGCAGGTATGCACCTGACAACACCACGGGGGCTAATCTTGACTCTAGACCACTCAAGAATAGCCGCGAAACGTTGTCATTACAACACAGGCGGCTATA,186,-67.0,...((((((...))))))......(((((((.(((((((.(((.(((((((((((....)))))))).).)).))).))))))))))))))......((.((((.........)))).))...((((((...........))))))((((((((.....(((((....)))))....)))))))).,54.3,63.44
leuL,ATATCGCATTCATCTGGAGCTGATTTAA,28,-3.0,..((((..(((....)))..))))....,35.71,50.0
lgt,GCACCTTTGGAGCGCCTGAAACCTGCGGCGCGCATTTCAATCGCTGTTCTCTTTCAGCGAAATAACAAGAACTTGTGGTGACAGA,85,-21.1,.((((.((((((((((((.......))).))))..)))))((((((........))))))....((((....)))))))).....,50.59,61.18
lhr,GATAACGCTCAACTTACCGGTCTGTGCGACCGTTTTCGTGGTTTTTATCCTGTTGTGATCGATGTTGAAACAGCCGGATTTAACGCCAAAACCGATGCGCTGCTTGAGATTGCCGCCATCACCCTGAAAATGGATGAACAAGGCTGGCTGATGCCGGACACCACATTACATTTCCACGTCGAACCATTTGTCGGCGCAAATTTGCAACCAGAAGCCCTCGCCTTCAACGGCATTGACCCGAACGATCCCGATCGCGGCGCGGTCAGCGAATACGAGGCGCTGCACGAAATTTTTAAAGTTGTACGTAAAGGTATTAAAGCGAGCGGCTGTAACCGCGCCATTATGGTGGCGCACAATGCCAATTTTGATCACAGCTTTATGATGGCCGCCGCAGAACGCGCCTCACTGAAACGTAACCCGTTCCACCCTTTCGCCACTTTTGACACTGCTGCACTGGCCGGGCTGGCACTCGGACAAACCGTATTGTCAAAGGCTTGCCAGACCGCTGGCATGGACTTCGACAGCACCCAGGCGCACTCCGCGCTGTACGACACCGAACGCACTGCTGTGCTGTTTTGTGAAATCGTCAACCGCTGGAAACGTCTGGGAGGCTGGCCGCTATCTGCCGCCGAAGAGGTGTAATCGAGTCGATGCCTGATGACATGCAATGATTCAGGCATCTATAGTGAGGCTATTCCACGCATCCTGCATGATATTCACGGGGAATAGCGTTAA,735,-212.1,((......)).......(((((.....)))))......((((.((.((((.(((((..(((....))).))))).))))..)).)))).....((((.((.((........)).)))))).((.(....).))........(((((((....)))))...))..((((((((((...(((((((((..((((((((....((.((((((...(((((..(((.....(((.((((.......)))).)))...((((((..(((((((((...((((((((((.((..(((..(((((((((...(((((((((((.(((.....))).))...(((((((....)))))))...)))))...))))...))))))))).)))...))..)))....)))))))..((.((((.....)))).))....)))))......))))..))))))...))).)))))((((..(((.....)))...))))...)).)))).))..)))))))))))..)))))).((.((((((((...((((((.(..(((((((.((((((((....)))).)))).)))...))))..).))).)))..))))))))..)).(((.((.....)).)))...))))))))))......(((((((((...(((...)))..))))))))).....(((.((((((((..(((...))).(((...)))...)))))))).))).,53.2,63.13
lpdA,GGATAGAACGACCCGGTGGTGGTTAGGGTATTACTTCACATACCCTATGGATTTCTGGGTGCAGCAAGGTAGCAAGCGCCAGAATCCCCAGGAGCTTACATAAGTAAGTGACTGGGGTGAGGGCGTGAAGCTAACGCCGCTGCGGCCTGAAAGACGACGGGTATGACCGCCGGAGATAAATATATAGAGGTCATGA,196,-70.3,............((((((((.((.(((......))).)).(((((..((..((((.((.((((((..(.((((..(((((.....((((((..((((((....))))))..))))))....)))))...)))).)...)))))).)).))))..))..)))))..)))))))).(((............)))....,52.55,58.16
malI,AAGGTAAAACGTTTTATCTGTCACATAATCAGGGAGTAGGTCATCTGCA,49,-7.9,.(((((((....)))))))................(((((...))))).,38.78,48.98
malS,AATCGCAGCAATAAGGACTCATCCGCCA,28,-2.9,..............(((....)))....,50.0,21.43
malT,ATTAATTACGAAGCGCAAAAAAAATAATATTTCCTCATTTTCCACAGTGAAGTGATTAACTA,62,-6.1,.((((((((....(((....(((((...........))))).....)))..))))))))...,27.42,51.61
malZ,ATTTTCATCACAGGGGAATTATGA,24,-1.9,((((((.......)))))).....,33.33,50.0
metG,CGCCCCTTCTGCCGCCAGCGCCAGTGCCAGGTTTACCGCCGTGGACGATTTACCCACGCCGCCTTTACCGGAACTCACCGCGATAATGTTCTTCACACCGTTAATTCCCGGCTGATTCTTCACGCGTTTCAGAGTGGCTATGTTATGCGACAGTTTCCAGTCGATAGCTTTCGCCCCGGTGATGCGCAGCAGTTCGGCGCTACATTGCTCTTTTAACTCTTCGAACGCGCTATGCCAGACAAACGGCATAACCAGTTCCACATGCAACGTGTCGTCCATCCAGGCGACATGGTGCAACGCTTTCAGCGTGGTGAGGTTATGCTTCAGGGTTGGGTGCTGAAAATTGGCCAGTGTCCCGGCGACCATTGCGCGCAAGGCTTCTGGTGATTTGGCCTGGGATTGTTCGTTCATCCCGACTCCTTTTTTGTATAGATAAACCATCAGCTGATAGTTTACCTGAAGAATATAGAGAAGTACTTACTTAACATTTTCCCATTTGGTACTATCTAACCCCTTTTCACTATTAAGAAGTAATGCCTACTA,543,-139.7,.((.......)).(((((((((((.(((.((....))(((((((.........)))))..))..(((((((.((((..((((.....(....(((..(((........))).)))..)....)))).....))))(((.(.(((((.((((........)))))))))..).))))))))))(((((.(((((..((((((((((((.((..((.....((((...(((((..(((.((.....(((((((((..(.((((.((((.(((((((((......))))))))).))))..(((...))))))).).)))))))))))..)))..)))))))))))..)).))))))...)))).)))))))))))).)))..))))))..)))))..(((((.(.....).))))).........(((...(((.(((((.(((....))).))))).)))..)))..((((..((((((....................)))))).))))....................((((.....)))).,50.09,60.41
metY,AGATTTTACGTCCCGTCTCGGTACACCAAATCCCAGCAGTATTTGCATTTTTTACCCAAAACGAGTAGAATTTGCCACGTTTCAGGC,87,-14.5,.(((((...((.(((...))).))...)))))...(((.....)))...((((((.(.....).))))))...(((........))),43.68,52.87
mngR,GATGAATTTATCGGGCATAATGGTTAAATTCGTATTAATGAGATACTAAAAA,52,-6.5,.((((((((((((.......))).)))))))))...................,26.92,46.15
mrcA,GTTTGTTTATAAACTGCCCAAATGAAACTAAATGGGAAATTTCCAG,46,-8.0,(((((....)))))..((((............))))..........,32.61,39.13
mreB,GCGCTGCGTCTCATGGGAGTGTGCTTGTCTGCTCGCCAGATTGTTGCAGCACATATGCAGATGAATGACCTTACGCGGTTGCAAACAGGCGAGGAATGCTGCTGATGCATTAAGCCTTTCTGGACTCAGGCAGAGATTTGTAACAAAGGAAACGAACTGCACTAATTTTCACCGTAGCAGATGATTTTTGCGCCTTGTCGCTGCTGCGTGTGGTTGGTAAAGTAAGCGGATTTTCTTTTCCGCCCCAGCTTTCAGGATTATCCCTTAGTA,270,-70.2,..((((((.....((((((((.(....).))))).)))......))))))......((................)).((((((((.((((....(((((.......)))))..)))).((((........))))..))))))))...(....)..(((..(((((...((((((((((((.((((...........)))))))))))).)))))))))..)))..(((((........)))))...........(((...))).......,48.52,52.59
nagE,AGATGATCTAACAATCTGATTACAGAACATCGGCAGTACAATTTGCAGCAAAATAAAAATACGGCTTGAAACGAGCCAAATAGGGTTCTCGTAGGGGGAATAAGA,105,-21.2,.((((.(((..............))).)))).((((......))))................((((((...))))))........(((((.....))))).....,39.05,41.9
ompC,AAAAGTTTTAGTATCATATTCGTGTTGGATTATTCTGCATTTTTGGGGAGAATGGACTTGCCGACTGATTAATGAGGGTTAATCAGTATGCAGTGGCATAAAAAAGCAAATAAAGGCATATAACAGAGGGTTAATAACA,139,-26.6,..((((((.....((.((...((((.(((...))).))))...))..))....))))))....((((((((((....))))))))))((((....))))......((........))...((((.....))))......,34.53,53.24
ompF,AGACACATAAAGACACCAAACTCTCATCAATAGTTCCGTAAATTTTTATTGACAGAACTTATTGACGGCAGTGGCAGGTGTCATAAAAAAAACCATGAGGGTAATAAATAA,111,-25.8,...........((((((..(((.((.((((((((((.((.(((....))).)).)))).)))))).)).)))....)))))).........(((.....))).........,34.23,52.25
ompX,AGGACTTATTTGAATCACATTTGAGGTGGTTA,32,-5.4,............((((((.......)))))).,34.38,37.5
osmE,ACACGCTGATAAACAAGAGGACGGAATA,28,-1.8,...((((...........)).)).....,42.86,28.57
otsA,CATTACAACAAAAAAGAGAAAATAACAGGAGTGATGACTA,40,-2.9,((((((........................))))))....,30.0,30.0
pflA,AAACAGACTCGACGTAGCCTTCGAGCTGCGCACCAACACGGCCTCAGATGGGCCACATCTGGAGAAACACCGCAA,75,-17.9,...(((.(((((........))))))))...........(((((.....)))))......((.......))....,57.33,40.0
pflB,TGAGTTATTCTGGCCGCAGCCTGATGGACAAAGCGTTCATTATGGTGCTGCCGGTCGCGATGTTTGTTGCCAGCGGTTTTGAGCACAGTATCGCAAACATGTTTATGATCCCGATGGGTATTGTAATCCGCGACTTCGCATCCCCGGAATTTTGGACCGCAGTCGGTTCTGCACCGGAAAATTTTTCTCACCTGACCGTGATGAATTTCATCACTGATAACCTGATTCCGGTTACGATCGGCAACATTATCGGTGGTGGTTTGTTGGTTGGGTTGACATACTGGGTCATTTACCTGCGTGAAAACGACCACCATTAATGGTTGTCGAAGTACGCAGTAAATAAAAAATCCACTTAAGAAGGTAGGTGTTACA,372,-113.1,.........(((((.(((.((((((((((.....)))))))).))))).)))))..(((((....)))))..(((((.(((....))).)))))........((((((((((...))).)))))))...(((....)))....((((......((((((....))))))....))))............(((((((((.........(((((((((((((..((.(.(((((....))))).).))))))))))))))).....)))))))))((((.......))))(((((.((((((....((((.((((....)))).))))...))))))))))).........((((((......)))))).....,46.51,60.75
pgk,ACGGAATTGCCGTTGGTCTCTGTAGATTTTAACCACGATCCGCACAGTGCCATTGTCGATGGCACCCAAACCCGGGTCAGTGGCGCACACCTGATCAAAACGTTGGTCTGGTGCGATAACGAATGGGGCTTTGCTAACCGAATGCTCGACACGACGTTAGCTATGGCTACTGTTGCTTTCAGGTAAGACGCAAGCAGCGTCTGCAAAACTTTTAGAATCAACGAGAGGATTCACCA,236,-69.9,((((.....)))).......(((.((((........)))).)))..((((((((...)))))))).....((((..((.((..(((((....((((((....))))))..)))))...)))).))))..(((((..((((((.((.......((((.((((....)))).)))))).))).))).((((((.....))))))))))).......(((((........)))))....,50.42,59.32
pheM,TTTTGAAGAGTACCAAAAGGTAACGCAAGCAA,32,-4.6,..(((.....((((....))))...)))....,37.5,43.75
pheP,CTCAACAAAAAAGACACACAGGGGAAAGGCG,31,-0.6,(((..................))).......,48.39,19.35
phoH,TAAGTAGCAGCGGAAGTTCCCGGCAGTGATAGTCAGTCACTATGGAGATCGCGGA,55,-13.9,.........((((....(((((..((((((.....)))))).))).))))))...,52.73,54.55
pnp,ATGAATGATCTTCCGTTGCAGAGGTTCGCGCGGCTAATGAGAGGCTTTACCCACATAGAGCTGGGTTAGGGTTGTCATTAGTCGCGAGGATGCGCAGAAGATCGGGTATTAACACCAGTGCCGTAAGGTACTGTCTAAGAAAGAGAAAGGATATTACAT,159,-53.1,(((..((((((((.((.(((....(((.((((((((((((.((.(((.(((((........))))).))).)).)))))))))))).)))))))).))))))))..)))......(((((((....)))))))(((.......))).............,47.17,64.15
proC,AGCGATTATCAAAACAATGAATTTCACGGCAGGAGTGAGGCAA,43,-5.6,........(((......)))...((((.......)))).....,41.86,32.56
proS,ACTTTTTTTTGTCCCAGGCTCGCCTTGAGCCTGTTCTACCTTCCAACTGGAACCGTAACAACA,63,-16.5,..............(((((((.....)))))))...(((.((((....))))..)))......,47.62,44.44
prs,CGTCGCGCCTGACTGGGACAGGGGCCTGTGTCTTTGCTGAATTTGATACAGAGTCTGAAGCCCGCCAGGTGCTAGAGCAAGCCCCGGAATGGCTCAATGGCTTTGTGGCGAAAGGCGCTAATCTTTCCCCATTGCACAGAGCCATGCTTTAAGCCGGGCAAGCTGAGTTTCGGTGACAACGTCACCTTGTTCCAGACGTTGCATCGCGCTCTTTAATACACCGCCTGGAAAGGATCATGCCTGGCCCGCACAGTTTTCGGCAGATTCTTTCCACCAATGGACGCATGCCTGAGGTTCTTCTCG,303,-97.6,....(((((((..((((....(((((((((((..(.....)...))))))).))))....)))).)))))))...(((..((((.((...(((...((((((((((((.((((((......)))))).)).....))))))))))))).....))))))..)))((((..(((((.(((((((...........)))))))))))).)))).........(((..(((((((((((.((((.................)))))))))))))))....)))..........((((....)))).,55.12,60.07
pspF,GCTGAACTGTTAATACAATTTGCGTGCCAATTTTTTATCTTTTTGATTTATAAAGATCTGATTGAAGAATCAACAGCAACATGCCAGGATGAGTTAGCGAATTACACTAACAAGTGGCGAATTTCATCA,129,-20.5,((((...(((((.(..(((((((..........((((((((.(((((((.(.((.......)).).)))))))..(((...))).))))))))...)))))))..).)))))..))))...........,34.11,58.91
pstS,GTAGCCAACAAACAATGCTTTATGAATCCTCCCAGGAGACATTA,44,-5.4,..(((...........)))..(((..((((...))))..)))..,40.91,45.45
putP,TTTGGAGACTTTAGA,15,-0.6,...(....)......,33.33,13.33
recA,CAACAGAACATATTGACTATCCGGTATTACCCGGCATGACAGGAGTAAAAA,51,-5.6,.......((...(((..(((((((......)))).))).)))..)).....,41.18,47.06
ribA,GTCGTGATTAGGTGAACCCCTTCTCGTTATGGCAAAATAAGCCAATACAGAACCAGCATTATCTGGAGAATTTCA,75,-12.5,((((((((.(((.(.....).))).))))))))...................((((......)))).........,41.33,42.67
rmf,CACATTTAGTAATCACTGTTTTCTTTTCCACCAGAAACCAGTATGAGGGAAACGAGGCA,59,-8.3,.((.....))....((((.(((((........))))).)))).....(....)......,40.68,40.68
rnb,ACCCGAGCACCCGATCGCTTTAGCGCCGCCCAGTTCAGCCCTTTACTCGAACACGAAAAATCATCAACGCAGATTATTAATCTGCTGGTATGGAGCGGGCTGTGTGGCTGGATAAATCGCTTAAAAATCGCGTTGGGTGAGACATATTAACCTTGCCGCGTCAGACAGATTCGCGTAAAACTGTCAGCCGCTCTAATGGCCACCAAAATAGACAATTA,218,-51.3,....((((.......(((....))).......))))..........(((....)))............(((((((...))))))).(((.((((((((..((((((((.((.(((.((((((((........))))))))......))).))..)))))).))(((((.((......)).)))))..))))))))...))).................,48.62,51.38
rph,GCCACATTTGTTTCAAGCCGGAGATTTCAATA,32,-2.3,...((....))(((.....)))..........,40.62,31.25
rpiA,GAAATTTCATACCACAGGCGAAACGATCA,29,-1.5,....((((...........))))......,41.38,27.59
rplT,ACAGGAGAGCACATA,15,0.0,...............,46.67,0.0
rpoD,AAGAATATTGCTGAGCAAACCTTCACCGACTCACTCAACCATATGTTTGATTCGCTGCTTGAACTGCGCCAGGAAGAGTTAATCGCTCGTGAGCGCACGCATGGTTTAAGCAACGAAGAACGCCTGGAGCTCTGGACATTAAACCAGGAGCTGGCGAAAAAGTGATTTAACGGCTTAAGTGCCGAAGAGCGATCGGGAAGCCCCCGACAGCCGCACTGAGAGGCAGCGGCAAATATATAAGTACGCCCTCGTAATTATCGTTGGCGGTAAACAACCGTTGGATTTCAGCGTTAACGGCTGAAGGACATCGGGTCAATCGCCCAACACCAACCTCATGAAATAAGTGTGGATACCGTCTTA,360,-100.8,.......((((...))))..((((..(((.(((..((......))..))).))).((((((((((((((......((((.....))))....))))......))))))))))..))))..((((...((((((((........))).)))))))))..(((....)))..((((......))))........(((((.....)))))..(((((.((....))..)))))......((((.((((....)))).)))).(((((((((......(((.((..(((((((.......)))))))..)).)))....)))).))))).....((.(((.......))).))...........,49.72,55.0
rpoH,TGCAATGGGTTCCGTAGCAGGGAAAGAGACCCCGTTGTCTCTTCCCGGTATTTCATCTCTATGTCACATTTTGTGCGTAATTTATTCACAAGCTTGCATTGAACTTGTGGATAAAATCACGGTCTGATAAAACAGTGAATGATAACCTCGTTGCTCTTAAGCTCTGGCACAGTTGTTGCTACCACTGAAGCGCCAGAAGATATCGATTGAGAGGATTTGAA,221,-58.1,(((.((((...)))).)))(((((.(((((......)))))))))).............((((.((((...)))))))).((((((((((((.((.....)).)))))))))))).((((.((.(....).)).)))).........(((.(.(((((((..((((((.((((.((....)).))))....)))))).........))))))).)..))).,42.99,62.44
rpsO,GCTTAACGTCGCGTAAATTGTTTAACACTTTGCGTAACGTACACTGGGATCGCTGAATTAGAGATCGGCGTCCTTTCATTCTATATACTTTGGAGTTTTAAAA,103,-28.0,.....((((.(((((((.(((...))).))))))).))))......(((.((((((........)))))))))....((((((.......)))))).......,38.83,56.31
rpsT,GCCATCACTACGTAACGAGTGCCGGCACATTAACGGCGCTTATTTGCACAAATCCATTGACAAAAGAAGGCTAAAAGGGCATATTCCTCGGCCTTTGAATTGTCCATATAGAACACATTTGGGAGTTGGACCT,133,-31.9,...........((((.((((((((.........))))))))..)))).(((.(((((.(((((..(((((((...((((.....)))).)))))))...))))).))..............))).))).....,45.11,54.14
rpsU,CTTATAAAAGTCCCTTTCAAAAAAGGCCGCGGTGCTTTACAAAGCAGCAGCAATTGCAGTAAAATTCCGCACCATTTTGAAATAAGCTGGCGTTGATGCCAGCGGCAAACCGAATTAATCAAAGGTGAGAGGCACA,136,-34.9,..............((((((((..((..((((.(.(((((...((((......)))).))))).).)))).)).))))))))...((((((......)))))).((..(((............))).....))...,44.12,51.47
ruvC,TCTCTGATGAGGTCGCAGCGACTCTCTGATGAGGCCTGCTAAACAGCAAAACGGAGACGCGTGA,64,-15.7,.(((....(((((((...)))).)))....)))...((((....))))...((....)).....,54.69,50.0
sdaA,ATCGCGGTTTTTGATTAGTTTAATTCATGTGAATAGTTAAGCCAGTCGCCGCGTTCCCTCTTACACTATGCGCTGTTATTAGTTCGTTACTGGAAGTCCAGTCACCTTGTCAGGAGTATTATCG,124,-25.1,..((((((....((((.((((((((.((....)))))))))).))))))))))..............(((.((((....)))).))).(((((....)))))..(((....)))..........,42.74,56.45
serW,TTGACCGTTTTACTCCAACTCCCTATAGTAGCGCCCCGTTGCCACCCATGAGGTTTGGTAGCAAAACAATTTG,73,-12.6,......(((((.((((((..((.(((.((.(((......))).))..))).)).)))).)).)))))......,47.95,57.53
serX,CCAGCAAGACAGGAACGACAATTTG,25,-0.2,((.........))............,48.0,16.0
sodB,ATACGCACAATAAGGCTATTGTACGTATGCAAATTAATAATAAAGGAGAGTAGCAA,56,-8.9,(((((.((((((....)))))).)))))............................,32.14,39.29
spy,TCGTCAACACGGCACGCTACTTAAGAAAGCCGTAATAAATAACTGAAAGGAAGGATATAGAATA,64,-10.8,........(((((...((.....))...))))).........((....))..............,37.5,28.12
ssnA,TGGCGCAAGACTTTGATAACAGCAGCAACCCAGGCTTCCTTGTGGAAGATTGCCGGGTACGAGTACGTCTGAATAACCAAAGCTGGGTGTTAAACATCGACAGCAAAGGTCAGTTTAACAACGTACCACCGGAGCTGAACGATATGTGCCGCATCATCAGCCATGTCCACCAGCATCATCATTATCTGCTGGGCCGCGTGGAGGTGTAATCA,212,-54.8,.((((((.....(((.......((((.((((.(((((((....))))....))))))).((.((((((.(((((.(((...(((((((((...)))))..))))...)))..)))))...))))))...))..))))..)))..))))))....((((..((((((...((((((...........))))))...)))))).))))......,50.47,61.32
talB,AGACCGGTTACATCCCCCTAACAAGCTGTTTAAAGAGAAATACTATCA,48,-2.7,.((..(((....((.....((((...))))....)).....))).)).,39.58,45.83
tcyJ,AGACATAACAACATTCGGGGTGAATA,26,-2.6,............((((.....)))).,38.46,30.77
thrL,ATAGCGCACAGACAGATAAAAATTACAGAGTACACAACATCCA,43,-0.6,.............................((.....)).....,37.21,9.3
thyA,ATGGGGCAAATTCTTTCCATCCCGATGATTGTCGCGGGTGTGATCATGATGGTCTGGGCATATCGTCGCAGCCCACAGCAACACGTTTCCTGAGGAACCA,100,-22.9,....(((....((..(((((((((((....)))).))))).))....))..))).((((...........))))..........(.((((...)))).).,53.0,50.0
tisB,GTACGCAATGTGTTATGCGGGGGCCGCATCGTTACCCGGCGCACTAAGTCCTGGCTGAAACGGGTGGTGCCGTCAGCGCCTTAACCCCGCGTGAGCACACTGTGTTATGTCAACAAGCACAACGTTTCTCCTTGAGATACCGCGTGCACAACAGCTGGCAACAGGCAGCGGAAAGGTACGTCAGCTGGCAGTGCTCCTGAACCACAGGAGACGCGTA,217,-73.6,((((((..((((((((((((((.......((((...((((((.......((((.......))))..))))))..))))......)))))))))).)))).((((((.........))))))..((.((((...)))).)).))))))....((((((((....................))))))))...(((((((((.....)))))).)))...,58.06,58.06
tonB,GACCTGGTTTTTCTACTGAAATGATTATGACTTCAA,36,-1.6,((...((((..((.........))....))))))..,33.33,44.44
trpL,AAGTTCACGTAAAAAGGGTATCGACAA,27,-0.7,.................((....))..,37.04,14.81
tsx,ATCACCTGGATTGATAGTAAAAGTTTGCAACAAGGGCGAAAGTCAGTACAATCCCCGCCCGAATGTGTGTAAACGTGAACGCAATCGATTACGTAAATGATAGAACTGTGAAACGAAACATATTTTTGTGAGCAATGATTTTTATAATAGGCTCCTCTGTATACGAAATATTTAGAAACGCAATTTGCGCCTTTTTCACTCCCGCAAGGGATTTTCAAACAGTGGCATACATA,233,-43.9,...((...(((((((.((....((((((((((.(((((.................)))))...))).)))))))......)).)))))))..)).....((((((.((((........)))).))))))((((....(((.....)))..)))).((((.(((.....))).))))..((((...))))..........((((....))))..........(((...)))...,38.63,52.36
tyrR,ATTGTTCTTTTTTCAGGTGAAGGTTCCCA,29,-2.2,...............((.((....)))).,37.93,27.59
uspA,CTTTACGGCTGGGTTAGCCCCGCGCACGTAGTTCGCAGGACGCGGGTGACGTAACGGCACAAGAAACGCTAGCTGGCCAGTCATCGACAACTTTATGGAAGGAGTAACACTA,112,-28.4,...((((((((((.....)))).)).))))...(((.....)))((((((....((((...((.....)).))))....))))))....(((((......))))).......,55.36,53.57
xapR,GTTTATGTATGTCGGATATCTGGTGGTGAAATACTTTATGCCATGATAATTTAATACGATGTATTTATTATATGGAGCACTTAATTA,87,-12.0,......((((.(((..(((...))).))).))))....((((...(((((..(((((...))))).)))))...).)))........,28.74,55.17
yajG,GAATTTTTACCAAACACGCTTAAGAGTCTCTGAGAGCCCGAACA,44,-5.0,.................((((.(((...)))..)))).......,43.18,31.82
yciE,ACAATTAGGTTACCGTAAAGCAGCGAAGCTTCTGAAAGAAACCCTGGAAGAAGAAAAGGCCACCGACATCAAACTGACTGATCTGGCCATTAATAACGTAAATAAGAAAGCCGAAAATAAAGCCTGAAATATGAATTTTAACTTTTAGTCATTTTATAAAGAGGACATTTTCA,173,-23.4,.............(((......)))...(((((...((.....))...)))))....(((((..((..(((.......))))))))))........................((((((....(((....((((((..((((...))))....))))))...)))..)))))).,35.26,45.09
yciG,GTGTCGACACACAACACTCATATTAATGAAACAATGCAACGCAACGGGAGAAATAACA,58,-8.2,((((....)))).....((((....)))).....(((...)))..(..(....)..).,39.66,44.83
yecF,CAAAAAACAACCACTGCTATTTTTAGCAAAGCTTATGGTATACTCCGCCGCCTTAACATTTTTCACCGCAAATTTTCATTGCAACATGACGAGGAAAATAAA,102,-13.5,..............(((((....)))))........(((.......)))......................((((((.(((((...)).))).))))))...,36.27,37.25
