gene_name,sequence,length,mfe,mfe_secondary_structure
0ansB,GTTCACGTAACTGGAGGAATGAAA,24,-1.7,.((((..(........)..)))).
0aroH,ACCACCCGGCGAGGTGTGACACACCTCGCACTTGAAATCAGCAGCGATTGGTTTATCGTGATGCGCATCACTTCCCGGCAGTCCTGCCGTAGAAGCAACAAATTTCTGAGACTTGTAA,118,-35.2,........(((((((((...)))))))))...........((((((((......)))))..)))......((((.(((((....)))))..))))..((((.((.....)).))))..
0aroP,AACTTCTTTGATGTAAACAAATTAATACAACAAACGGAATTGCAAACTTACACACGCATCACTGCGTAGATCAAAAAAACAACCACCGCACGAGGTTTCA,100,-14.1,...(((((((.((((..........)))).)))..))))..............(((((....))))).................(((......)))....
0bglG,GAACCTGGATGTTCGTTATAAAAACCATTAATAAATGACTGGATTGTTACTGCATTCGCAGGCAAAACCTGACATAACCAGAGAATACTGGTGAAGTCGGGTTTTTTTGTTTATAAAAAAGGTCCTTGCTA,131,-31.6,((((......))))..........(((.(........).))).((((..((((....)))))))).(((((((.(.(((((......))))).).)))))))(((((((....)))))))...........
0bolA,ACGCTTGACGGAAAAACCAGGACGAAACCTAAATATTTGTTGTTAAGCTGCAATGGAAACGGTAAAAGCGGCTAGTATTTAAAGGGATGGATGACATCTCAGCGTTGTCGGAGGAGATATTTCA,124,-25.3,.((((((..........)))).)).......(((....)))....((((((..((....))......))))))..........((((((.....)))))).....((((......)))).....
0cmr,TAATGTAAGAATGTGCTTAACCGTGGTTTCAGCTACAAAATTCGCTTTCTCGTTAGCTGCGCTTTTATTAAACTCTGCGCGATTATTATTGGCGAAGAAATTGCA,105,-21.8,.....((((......))))...(((((....)))))....((((((.......(((.(((((..............))))).))).....)))))).........
0crp,GATGCTACAGTAATACATTGATGTACTGCATGTATGCAAAGGACGTCACATTACCGTGCAGTACAGTTGATAGCCCCTTCCCAGGTAGCGGGAAGCATATTTCGGCAATCCAGAGACAGCGGCGTTATCTGGCTCTGGAGAAAGCTTATAACAGAGGATAACCGCGCA,168,-40.9,.......((((.....)))).(((((((((((.(((............)))...)))))))))))...(((.(((.((((((.......))))))........))).)))........(((..(((((((...((((..............)))))))))))..))).
0crr,ACCTTTACCAGCCAATGTCACCGTCCGTGCTGAACTTGATCAAGCAAGTTATTGATGCTTCTCATGCTGAAGGCAAATGGACTGGCATGTGTGGTGAGCTTGCTGGCGATGAACGTGCTACACTTCTGTTGCTGGGGATGGGTCTGGACGAATTCTCTATGAGCGCCATTTCTATCCCGCGCATTAAGAAGATTATCCGTAACACGAACTTCGAAGATGCGAAGGTGTTAGCAGAGCAGGCTCTTGCTCAACCGACAACGGACGAGTTAATGACGCTGGTTAACAAGTTCATTGAAGAAAAAACAATCTGCTAATCCACGAGATGCGGCCCAATTTACTGCTTAGGAGAAGATCA,355,-91.3,..((((.((...(((..(((.((....)).)))..)))...(((((.((.((((.(((.((((.((((...))))..((((.(((((..(((((((((((((((((((...(((.(((((..(((((..(((..((((((((..(((.((..((......)).)))))..))))))))..)))...))))).(((....))).(((..(((((......))))).))))))))((((((....))))))..(((....)))....))).....)))))))....))))))))).........)))...))))).)))).)))).)))...))))..))))))).)).))))....
0cspA,AACGGTTTGACGTACAGACCATTAAAGCAGTGTAGTAAGGCAAGTCCCTTCAAGAGTTATCGTTGATACCCCTCGTAGTGCACATTCCTTTAACGCTTCAAAATCTGTAAAGCACGCCATATCGCCGAAAGGCACACTTAATTATTAAAGGTAATACACTA,161,-32.5,...((((((.....)))))).((((((.(((((.(((..((.((.....((((((....)).)))).....)).))..)))))))).)))))).((((.(.......).))))..........(((....))).........(((((....))))).....
0cstA,AATGTAACATCTCTATGGACACGCACACGGATAACAACTA,40,-3.5,..(((...((((.(.((......)).).)))).)))....
0dapB,TAATTATCAGCGTTTTTGGCTGGCGGCGTAGCGATGCGCTGGTTACTCTGAAAACGGTCTATGCAAATTAACAAAAGAGAATAGCTA,87,-20.7,.......((((.......)))).(((((((....)))))))....((((.......((..((....))..))...))))........
0degQ,GTTTTGAATCTCTTTTCTTATCATTCAGGTACGAGAGCAGGAATAA,46,-7.6,.(((((..((((.(.(((........))).).)))).)))))....
0eda,ATTTGTAATCAGGCGAGAGAAAACTCTGA,29,-3.7,....((......)).((((....))))..
0endA,TCCTGATCTGGCTGATTGCATACCAAAACAGCTTTCGCTACGTTGCTGGCTCGTTTTAACACGGAGTAAGTGA,73,-12.8,....((...(((((.((........)).))))).))......(((((.((((((......)).)))).)))))
0fadR,AACTTTGTTTTGCTGTGTTATGGAAATCTCACTA,34,-3.5,..............(((..((....))..)))..
0fur,ATTATCTCAAGAGCAAATTCTGTCACTTCTTCTAATGAAGTGAACCGCTTAGTAACAGGACAGATTCCGCA,71,-12.8,.........(((......))).(((((((.......)))))))..............(((.....)))...
0gadW,AAATAATCGCAGTATGAAATATAAGGGATAATCA,34,-1.9,.....(((.(..((((...))))..)))).....
0galE,ATACCATAAGCCTAATGGAGCGAATTA,27,-3.2,...((((.......)))).........
0gcd,GCTACTAAAATATTAATGAATTGAAATGGTGTCTCTTTA,39,-1.3,(.(((((....(((....))).....))))).)......
0glgS,GAATACTGAAATCAGAAAAAGCATATGGCCTTAAAAGGTATGCGATAACCGGAGGATGTGCTTA,64,-12.8,.....(((....)))...((((((((..((((....(((........))).)))))))))))).
0glnS,AGATTATCAATTTTAAAAAACTAACAGTTGTCAGCCTGTCCCGCTTATAAGATCATACGCCGTTATACGTTGTTTACGCTTTGAGGAATCCACGA,95,-10.2,.((((.((((.(.((((.(((((((.(((((.(((.......))).))).........)).))))...))).)))).)..))))..)))).....
0glpR,GCGCTGATCTGGATTGTCGCCGGATGGTTTGATTTGTTTGGGATGTCGATGGCGAACGGAGCACACATCGCCGGGTTAGCCGTGGGTTTAGCGATGGCTTTTGTTGATTCGCTCAATGCGCGAAAACGAAAATAATTCCAGGGATTTATAAA,152,-34.7,..((((((((((..((((((((((((.(((((.....))))).))))..))))))..(.....).))...))))))))))..((((.(((((....))(((((((..(((((.......)))))))))))).))).))))............
0gltA,TTCGGATTGCTAAGTACTTGATTCGCCATTTATTCGTCATCAATGGATCCTTTACCTGCAAGCGCCCAGAGCTCTGTACCCAGGTTTTCCCCTCTTTCACAGAGCGGCGAGCCAAATAAAAAACGGGTAAAGCCAGGTTGATGTGCGAAGGCAAATTTAAGTTCCGGCAGTCTTACGCAATAAGGCGCTAAGGAGACCTTAAA,203,-52.3,....(((((((....((((((...(((.....((((((((((((((...(((((((((....((((....(((((((....(((......))).....)))))))))))..............))))))))))))..)))))).))))))))....))))))...)))))))...(((......))).(((((...)))))..
0gltX,ACTTAATTTTTCCAGGATTTGCCGGTTGTCGGCATCTTTCTAAACGTAAGGCCATTTCA,59,-12.1,.((((..(((...((((..((((((...))))))...)))))))..)))).........
0gntR,AATAATTGTAAACAAGCACTGTTTTCCCCGGGAAGGTTCTGATGTGTCCGTGTTAAACTAAGAGAATCTATCTCTTTTGTACCTTCAGGACGA,93,-18.1,.........(((((.....)))))....(((((...)))))....((((.......((.((((((.....))))))..)).......))))..
0htpG,CATCCTGTTTTTAACCTTAAAATGGCATTATTGAGGTAGACCTACA,46,-6.7,.....(((..((.(((((((..........))))))).))...)))
0hupB,TTTTTTTGTCTCGCTAAGTTAGATGGCGGATCGGGCTTGCCCTTATTAAGGGGTGTTGTAAGGGGATGGCTGGCCTGATATAACTGCTGCGCGTTCGTACCTTGAAGGATTCAAGTGCGATATAAATTATAAAGAGGAAGAGAAGAG,147,-36.7,(((((((.((((..(((.((((.((((((((((((((..(((((..(((......)))..)))))......))))))))....))))))..)..((((((.(((((...)))))))))))..))).)))....))))..))))))).
0ilvA,ACGTCAGGTCTCCTTTGCCCTGCGTGCTTATGCCAGCCTGGCAACCAGCGCCGACAAAGGCGCGGTGCGCGATAAATCGAAACTGGGGGGTTAATAA,97,-28.9,(((.((((.(......).))))))).....(((((...)))))(((.(((((......))))))))...(((....))).((((....)))).....
0ilvL,ATTAAACGCATCATAAAAATCGGCCAAAAAATATCTTGTACTATTTACAAAACCTATGGTAACTCTTTAGGCATTCCTTCGAACAAGATGCAAGAAAAGACAAAA,105,-12.2,.......((.............))...........(((((.....))))).(((...)))...(((((..(((((...........)))))....))))).....
0infA,GGTTCAAATTACGGTAGTGATACCCCAGAGGATTAGA,37,-5.8,...((.((((..((((....))))......)))).))
0malS,AATCGCAGCAATAAGGACTCATCCGCCA,28,-2.9,..............(((....)))....
0malZ,ATTTTCATCACAGGGGAATTATGA,24,-1.9,((((((.......)))))).....
0metY,GTTTCAGGC,9,0.0,.........
0mreB,GGATTTTCTTTTCCGCCCCAGCTTTCAGGATTATCCCTTAGTA,43,-6.7,((((..((((....((....))....))))..)))).......
0ompC,TTGCCGACTGATTAATGAGGGTTAATCAGTATGCAGTGGCATAAAAAAGCAAATAAAGGCATATAACAGAGGGTTAATAACA,82,-19.4,.(((((((((((((((....))))))))))......))))).......((........))...((((.....))))......
0pflB,ATCCACTTAAGAAGGTAGGTGTTACA,26,-5.3,...((((((......)))))).....
0pgk,TTTTAGAATCAACGAGAGGATTCACCA,27,-5.3,.....(((((........)))))....
0phoH,ACTGAAATGGTGTTTTATAGTTAAATATAAGTAAATATATTGTTGCAATAAATGCGAGATCTGTTGTACTTATTAAGTAGCAGCGGAAGTTCCCGGCAGTGATAGTCAGTCACTATGGAGATCGCGGA,128,-30.9,(((.....)))..(((((.((..((((((......))))))...)).))))).((((..((((((((((((...))))).)))))))...(((((..((((((.....)))))).))).))))))...
0proK,TTC,3,0.0,...
0pspF,AAGTGGCGAATTTCATCA,18,-0.8,...(((.((...)).)))
0putP,TAAATCGATTGTGAATAACCAGCGCTTCCGGCAGGATACGGTCGCCCTGGTAAAACATAAACTCTGTTACCCCGTTCCGGTGGCAGATATAACGGCAAGTTTCGACATTGCCGATAATAATTTTTTGGAGACTTTAGA,138,-36.1,........(((((..(.(((((.((..(((........)))..)).))))).)..)))))..(((((((((.......))))))))).....((((((((....)).)))))).............(....)......
0rhoL,GACTTCGTATTAAACATACCTTATTAAGTTTGAATCTTGTAATTTCCAACGCTTCCCGTTTTATCTTAAA,70,-4.8,.........((((((.((......)).))))))..............((((.....))))..........
0ribA,ATACAGAACCAGCATTATCTGGAGAATTTCA,31,-3.8,........((((......)))).........
0rnb,AGCCGCTCTAATGGCCACCAAAATAGACAATTA,33,-4.5,.((((......))))..................
0rnpB,G,1,0.0,.
0rpoD,GGTTGCTGGTGCAAAATCCAGAATTAGCGACGTTGGTCCCGCCGCTTGAGAATCTGGATGAAAATAAGCTCCCTGGACTTGGCTTATTCAGAGAACTGGTCAACACTTGTCTCTCCCAGCCAGGTCTGACCACCGGGCAACTTTTAGAGCACTATCGTGGTACAAATAATGCTGCCACCCTTGAAAAACTGTCGATGTGGGACGATATAGCAGATAAGAATATTGCTGAGCAAACCTTCACCGACTCACTCAACCATATGTTTGATTCGCTGCTTGAACTGCGCCAGGAAGAGTTAATCGCTCGTGAGCGCACGCATGGTTTAAGCAACGAAGAACGCCTGGAGCTCTGGACATTAAACCAGGAGCTGGCGAAAAAGTGATTTAACGGCTTAAGTGCCGAAGAGCGATCGGGAAGCCCCCGACAGCCGCACTGAGAGGCAGCGGCAAATATATAAGTACGCCCTCGTAATTATCGTTGGCGGTAAACAACCGTTGGATTTCAGCGTTAACGGCTGAAGGACATCGGGTCAATCGCCCAACACCAACCTCATGAAATAAGTGTGGATACCGTCTTA,575,-159.6,......((((((...(((((((.((((((.((.......)).))))...)).))))))).((((...((((..(((((((((((.....(((((...(((....)))..)))))...)))))))))))......))))...))))...))))))..((((((((.....)).))))))..((....))..((((.((.(((......((((((.........))))))......))).)).))))....((((.(....).))))((((.((((((((((((((......((((.....))))....))))......)))))))))).))))...((((...((((((((........))).)))))))))..(((....)))..((((......))))........(((((.....)))))..(((((.((....))..)))))......((((.((((....)))).)))).(((((((((......(((.((..(((((((.......)))))))..)).)))....)))).))))).....((.(((.......))).))...........
0rpoH,CGCCAGAAGATATCGATTGAGAGGATTTGAA,31,-2.2,.......((((.((......))..))))...
0rpsT,GCCTTTGAATTGTCCATATAGAACACATTTGGGAGTTGGACCT,43,-6.6,...........(((((..((((.....)))).....)))))..
0serT,TCATTCCG,8,0.0,........
0serW,GTTGCCACCCATGAGGTTTGGTAGCAAAACAATTTG,36,-8.6,(((((((((.....)))..))))))...........
0serX,CCAGCAAGACAGGAACGACAATTTG,25,-0.2,((.........))............
0ssrS,ACTGAACAGTTGGTCTTCATTGCCGCATTGAATATCAGCTATGAGTTAGCGCAAGAAAAAGCAAAGACTCGTGACTACGCGGCAAGTATGGAACAGCGTATTCGGATGCTGCAGCAGACCATAGAACAAGCGTTACTTGAACAAGGTCGCATCACCGAAAAAACTAACCAAAACTTTGAATGACACTTTTCGGTTTACTGTGGTAGAGTAACCGTGAAGACAAAA,225,-49.1,........((((.(((...(((((((..(((...)))(.((((((((.((..........))...)))))))).)...)))))))....))).))))...(((((.((.(((....((((......((((.....)))).....))))))).))))))).........(((....))).......((((.((((.((((.......)))))))).))))......
0tsx,CTCTGTATACGAAATATTTAGAAACGCAATTTGCGCCTTTTTCACTCCCGCAAGGGATTTTCAAACAGTGGCATACATA,79,-15.9,.((((.(((.....))).))))..((((...))))..........((((....))))..........(((...)))...
0uspA,TGGTCTTAACACTGAATCTTTACGGCTGGGTTAGCCCCGCGCACGTAGTTCGCAGGACGCGGGTGACGTAACGGCACAAGAAACGCTAGCTGGCCAGTCATCGACAACTTTATGGAAGGAGTAACACTA,129,-30.3,..(((((.....(((((...((((((((((.....)))).)).))))))))).)))))...((((((....((((...((.....)).))))....))))))....(((((......))))).......
0xapR,ATGTATTTATTATATGGAGCACTTAATTA,29,-1.0,..((.(((........))).)).......
1crp,GCCCCTTCCCAGGTAGCGGGAAGCATATTTCGGCAATCCAGAGACAGCGGCGTTATCTGGCTCTGGAGAAAGCTTATAACAGAGGATAACCGCGCA,96,-24.1,(((.((((((.......))))))........)))..(((((((.(((.........))).)))))))....((((((........))))..))...
1cstA,TCTCTATGGACACGCACACGGATAACAACTA,31,-3.1,..(((.((........)).))).........
1eda,TTTTTAAGACGACAAATTTGTAATCAGGCGAGAGAAAACTCTGA,44,-5.5,.......((..(((....)))..)).....((((....))))..
1endA,TCCTGATCTGGCTGATTGCATACCAAAACAGCTTTCGCTACGTTGCTGGCTCGTTTTAACACGGAGTAAGTGA,73,-12.8,....((...(((((.((........)).))))).))......(((((.((((((......)).)))).)))))
1fur,ATTATCTCAAGAGCAAATTCTGTCACTTCTTCTAATGAAGTGAACCGCTTAGTAACAGGACAGATTCCGCA,71,-12.8,.........(((......))).(((((((.......)))))))..............(((.....)))...
1gltX,CCCGAACTACATTGAGGAATCAGGCGGGAGTGATAGAATATCGCCCACTTAATTTTTCCAGGATTTGCCGGTTGTCGGCATCTTTCTAAACGTAAGGCCATTTCA,105,-24.4,.............(((((((.(((..((.((((((...)))))))).))).))))))).((((..((((((...))))))...))))...(....).........
1gntR,CGCGTCGTTAGCACAATGCGATGCAATTGATTTAGTGTATATCTAATAATTGTAAACAAGCACTGTTTTCCCCGGGAAGGTTCTGATGTGTCCGTGTTAAACTAAGAGAATCTATCTCTTTTGTACCTTCAGGACGA,137,-31.1,.(((((((.........)))))))....((..((((((.(.(.((.......)).).).))))))...))..(((((...)))))....((((.......((.((((((.....))))))..)).......))))..
1hupB,TTTTTTTGTCTCGCTAAGTTAGATGGCGGATCGGGCTTGCCCTTATTAAGGGGTGTTGTAAGGGGATGGCTGGCCTGATATAACTGCTGCGCGTTCGTACCTTGAAGGATTCAAGTGCGATATAAATTATAAAGAGGAAGAGAAGAG,147,-36.7,(((((((.((((..(((.((((.((((((((((((((..(((((..(((......)))..)))))......))))))))....))))))..)..((((((.(((((...)))))))))))..))).)))....))))..))))))).
1metY,GTTTCAGGC,9,0.0,.........
1mreB,AATTTTCACCGTAGCAGATGATTTTTGCGCCTTGTCGCTGCTGCGTGTGGTTGGTAAAGTAAGCGGATTTTCTTTTCCGCCCCAGCTTTCAGGATTATCCCTTAGTA,107,-27.1,.(((.((((((((((((.((((...........)))))))))))).))))..)))....((((.((((..((((....((....))....))))..))))))))...
1ompC,GTTGGATTATTCTGCATTTTTGGGGAGAATGGACTTGCCGACTGATTAATGAGGGTTAATCAGTATGCAGTGGCATAAAAAAGCAAATAAAGGCATATAACAGAGGGTTAATAACA,116,-25.1,((.((.(((((((.(........).))))))).)).))..((((((((((....))))))))))((((....))))......((........))...((((.....))))......
1pflB,GTCATTTACCTGCGTGAAAACGACCACCATTAATGGTTGTCGAAGTACGCAGTAAATAAAAAATCCACTTAAGAAGGTAGGTGTTACA,88,-26.4,...((((((.((((((....((((.((((....)))).))))...))))))))))))........((((((......)))))).....
1pgk,ATGGGGCTTTGCTAACCGAATGCTCGACACGACGTTAGCTATGGCTACTGTTGCTTTCAGGTAAGACGCAAGCAGCGTCTGCAAAACTTTTAGAATCAACGAGAGGATTCACCA,114,-28.8,...((((((((.....)))).))))....(((((.((((....)))).)))))..........((((((.....))))))............(((((........)))))....
1pspF,AGCGAATTACACTAACAAGTGGCGAATTTCATCA,34,-4.6,...(((...((((....))))......)))....
1putP,TGAATAACCAGCGCTTCCGGCAGGATACGGTCGCCCTGGTAAAACATAAACTCTGTTACCCCGTTCCGGTGGCAGATATAACGGCAAGTTTCGACATTGCCGATAATAATTTTTTGGAGACTTTAGA,127,-34.7,......(((((.((..(((........)))..)).)))))...........(((((((((.......))))))))).....((((((((....)).)))))).............(....)......
1rnpB,G,1,0.0,.
1rpoD,AATAATGCTGCCACCCTTGAAAAACTGTCGATGTGGGACGATATAGCAGATAAGAATATTGCTGAGCAAACCTTCACCGACTCACTCAACCATATGTTTGATTCGCTGCTTGAACTGCGCCAGGAAGAGTTAATCGCTCGTGAGCGCACGCATGGTTTAAGCAACGAAGAACGCCTGGAGCTCTGGACATTAAACCAGGAGCTGGCGAAAAAGTGATTTAACGGCTTAAGTGCCGAAGAGCGATCGGGAAGCCCCCGACAGCCGCACTGAGAGGCAGCGGCAAATATATAAGTACGCCCTCGTAATTATCGTTGGCGGTAAACAACCGTTGGATTTCAGCGTTAACGGCTGAAGGACATCGGGTCAATCGCCCAACACCAACCTCATGAAATAAGTGTGGATACCGTCTTA,411,-110.6,................((....))..((((.((.(((......((((((.........))))))......))).)).))))....((((.(....).))))((((.((((((((((((((......((((.....))))....))))......)))))))))).))))...((((...((((((((........))).)))))))))..(((....)))..((((......))))........(((((.....)))))..(((((.((....))..)))))......((((.((((....)))).)))).(((((((((......(((.((..(((((((.......)))))))..)).)))....)))).))))).....((.(((.......))).))...........
1rpoH,TCTTAAGCTCTGGCACAGTTGTTGCTACCACTGAAGCGCCAGAAGATATCGATTGAGAGGATTTGAA,67,-14.4,........((((((.((((.((....)).))))....)))))).....((((((....))..)))).
1serX,CCAGCAAGACAGGAACGACAATTTG,25,-0.2,((.........))............
1uspA,ATCTTTACGGCTGGGTTAGCCCCGCGCACGTAGTTCGCAGGACGCGGGTGACGTAACGGCACAAGAAACGCTAGCTGGCCAGTCATCGACAACTTTATGGAAGGAGTAACACTA,114,-28.4,.....((((((((((.....)))).)).))))...(((.....)))((((((....((((...((.....)).))))....))))))....(((((......))))).......
1xapR,ATGTATTTATTATATGGAGCACTTAATTA,29,-1.0,..((.(((........))).)).......
2endA,GTTTTAACACGGAGTAAGTGA,21,-2.6,.......(((.......))).
2fur,GATACGCATTATCTCAAGAGCAAATTCTGTCACTTCTTCTAATGAAGTGAACCGCTTAGTAACAGGACAGATTCCGCA,78,-14.6,((((.....))))...(((......))).(((((((.......)))))))..............(((.....)))...
2hupB,GGATCGGGCTTGCCCTTATTAAGGGGTGTTGTAAGGGGATGGCTGGCCTGATATAACTGCTGCGCGTTCGTACCTTGAAGGATTCAAGTGCGATATAAATTATAAAGAGGAAGAGAAGAG,120,-28.6,..((((((((..(((((..(((......)))..)))))......))))))))......((...))..((((((.(((((...)))))))))))...........................
2metY,AGATTTTACGTCCCGTCTCGGTACACCAAATCCCAGCAGTATTTGCATTTTTTACCCAAAACGAGTAGAATTTGCCACGTTTCAGGC,87,-14.5,.(((((...((.(((...))).))...)))))...(((.....)))...((((((.(.....).))))))...(((........)))
2pflB,TTCTCACCTGACCGTGATGAATTTCATCACTGATAACCTGATTCCGGTTACGATCGGCAACATTATCGGTGGTGGTTTGTTGGTTGGGTTGACATACTGGGTCATTTACCTGCGTGAAAACGACCACCATTAATGGTTGTCGAAGTACGCAGTAAATAAAAAATCCACTTAAGAAGGTAGGTGTTACA,188,-59.9,.....(((((((((.........(((((((((((((..((.(.(((((....))))).).))))))))))))))).....)))))))))((((.......))))(((((.((((((....((((.((((....)))).))))...))))))))))).........((((((......)))))).....
2putP,ACCAGCGCTTCCGGCAGGATACGGTCGCCCTGGTAAAACATAAACTCTGTTACCCCGTTCCGGTGGCAGATATAACGGCAAGTTTCGACATTGCCGATAATAATTTTTTGGAGACTTTAGA,121,-34.4,(((((.((..(((........)))..)).)))))...........(((((((((.......))))))))).....((((((((....)).)))))).............(....)......
2rpoH,GATAACCTCGTTGCTCTTAAGCTCTGGCACAGTTGTTGCTACCACTGAAGCGCCAGAAGATATCGATTGAGAGGATTTGAA,81,-17.3,.......(((.(.(((((((..((((((.((((.((....)).))))....)))))).........))))))).)..))).
2serX,CCAGCAAGACAGGAACGACAATTTG,25,-0.2,((.........))............
2xapR,GTTTATGTATGTCGGATATCTGGTGGTGAAATACTTTATGCCATGATAATTTAATACGATGTATTTATTATATGGAGCACTTAATTA,87,-12.0,......((((.(((..(((...))).))).))))....((((...(((((..(((((...))))).)))))...).)))........
3hupB,GGATCGGGCTTGCCCTTATTAAGGGGTGTTGTAAGGGGATGGCTGGCCTGATATAACTGCTGCGCGTTCGTACCTTGAAGGATTCAAGTGCGATATAAATTATAAAGAGGAAGAGAAGAG,120,-28.6,..((((((((..(((((..(((......)))..)))))......))))))))......((...))..((((((.(((((...)))))))))))...........................
3pflB,GGTTTTGAGCACAGTATCGCAAACATGTTTATGATCCCGATGGGTATTGTAATCCGCGACTTCGCATCCCCGGAATTTTGGACCGCAGTCGGTTCTGCACCGGAAAATTTTTCTCACCTGACCGTGATGAATTTCATCACTGATAACCTGATTCCGGTTACGATCGGCAACATTATCGGTGGTGGTTTGTTGGTTGGGTTGACATACTGGGTCATTTACCTGCGTGAAAACGACCACCATTAATGGTTGTCGAAGTACGCAGTAAATAAAAAATCCACTTAAGAAGGTAGGTGTTACA,298,-83.9,.(((((((........))).))))....((((((((((...))).)))))))...(((....)))....((((......((((((....))))))....))))............(((((((((.........(((((((((((((..((.(.(((((....))))).).))))))))))))))).....)))))))))((((.......))))(((((.((((((....((((.((((....)))).))))...))))))))))).........((((((......)))))).....
3putP,CGCCCTGGTAAAACATAAACTCTGTTACCCCGTTCCGGTGGCAGATATAACGGCAAGTTTCGACATTGCCGATAATAATTTTTTGGAGACTTTAGA,96,-21.5,.....((......)).....(((((((((.......))))))))).....((((((((....)).)))))).............(....)......
3rpoH,AGTGAATGATAACCTCGTTGCTCTTAAGCTCTGGCACAGTTGTTGCTACCACTGAAGCGCCAGAAGATATCGATTGAGAGGATTTGAA,88,-18.8,....(((((.....))))).(((((((..((((((.((((.((....)).))))....)))))).........)))))))........
4hupB,GCGTTCGTACCTTGAAGGATTCAAGTGCGATATAAATTATAAAGAGGAAGAGAAGAG,57,-9.7,....((((((.(((((...)))))))))))...........................
hupB,GCGTTCGTACCTTGAAGGATTCAAGTGCGATATAAATTATAAAGAGGAAGAGAAGAG,57,-9.7,....((((((.(((((...)))))))))))...........................
6hupB,AAGAGAAGAG,10,0.0,..........
accD,CATTCATGGTCTGTTGGGGGCAAAAATGGCATTATGCGTCCCCAAAGATAAAACTGGCATCGAACCAGGTTCAGACAGAAAGGTCCCTAA,90,-20.5,......(.((((.((((((((................)))))))))))).)..((((.......)))).....(((......))).....
acnB,TGCGGTACTGGGCATTTACCCTACAAACTGCTGTCTCACAGGAGCGTGAAGAGAATCGCCTGCCGCACTATGACAATGAGAGCGAGGAGAACCGTCG,97,-21.2,((((((...((((((((...((.((..((.((((...)))).))..)).)).)))).))))))))))....(((...................))).
acpP,AACCATCGCGAAAGCGAGTTTTGATAGGAAATTTAAGAGTA,41,-8.9,.....((((....)))).((((((........))))))...
aes,GTTTCAATATCAGCAGGCGGGATCGCATTTTCATGGCAGTGGTTCCTTACAATGACGTAATTTGAAAGGAGTTTTTGTA,79,-13.2,..................((((((((............)))))))).(((((.(((..............))).)))))
agp,GATTGATAACAAAAGAGGTGCCAGGAA,27,-0.2,........((.......))........
agrA,T,1,0.0,.
agrB,T,1,0.0,.
aldB,ACCTCACACCGCAAGGAGACGATCA,25,-3.7,........((....)).........
amyA,ACGGCTACGCTTCTAATGTTCCCCTTGAATGGAGTCGAAGAA,42,-5.2,....((.((.((((...((((.....)))))))).)).))..
ansB,GTCAAATTTCCCATACAGAGCTAAGGGATAATGCGTAGCGTTCACGTAACTGGAGGAATGAAA,63,-9.3,........((((.((......)).))))..........(((((...(.....)..)))))...
argP,TTTACCAGGAGCAGACAACAGCAA,24,-1.6,..........((........))..
aroG,TATTGCATTCACTAAGATAAGTATGGCAACACTGGAACAGACA,43,-5.5,..((((....(((......)))...))))..(((...)))...
aroH,ATCACTTCCCGGCAGTCCTGCCGTAGAAGCAACAAATTTCTGAGACTTGTAA,52,-12.2,....((((.(((((....)))))..))))..((((.((.....)).))))..
aroP,AAGTCTTTTTGTAACAATTCAAACTTCTTTGATGTAAACAAATTAATACAACAAACGGAATTGCAAACTTACACACGCATCACTGCGTAGATCAAAAAAACAACCACCGCACGAGGTTTCA,121,-16.7,.........(((((((((((.......((((.((((..........)))).))))..)))))).....))))).(((((....))))).................(((......)))....
artJ,ATGCCGCAGACACGGCCAAAAATCATAAGATTGACAGACGGGAGTTCCATCA,52,-10.7,..((((......))))....((((....))))....((.(((...))).)).
asnT,CACACGATT,9,0.0,.........
asnU,AACGATT,7,0.0,.......
aspS,CTTTTTTCATTCAGTTGTGACATACAGCTAACGCTGCGACTTGGTCACCTGCGCAGCAGGGGGCATCCGCCGGCAGCTAAGTTAAGGGATATCTCA,96,-27.2,............(((((((...)))))))...((((((((...))).(((((...))))).(((....))).)))))........(((....))).
aspV,CCCAACGGAACACAACGCG,19,-0.2,((....))...........
asr,AACGGCCCCGCAGTGGGGTTAAATGAAAAAACAAATTGAGGGTATGACAA,50,-8.5,..((..(((.((((...(((.........)))..)))).)))..))....
bamC,AATCCCGGTGAAATGGGCATGTAAGGAACTGGGTCTTGTGGCGACCGATACGCTGCGCCTGCCAATGACACCAATCACCGACAGTGGTCGTGAGACGGTCAGAGCGGCGCTTAAGCATGCCGGTTTGCTGTAAAGTTTAGGGAGATTTGA,150,-44.4,...((((((..................))))))..(((.((((((((.((.((((((((.((...((((.....((((.(((....)))))))....))))..)))))))...))).)).))).))))).)))...(((((....)))))
bglG,ACGCAATTAAATTAATTTCCGAACCTGGATGTTCGTTATAAAAACCATTAATAAATGACTGGATTGTTACTGCATTCGCAGGCAAAACCTGACATAACCAGAGAATACTGGTGAAGTCGGGTTTTTTTGTTTATAAAAAAGGTCCTTGCTA,151,-34.2,.........(((.(((.((((....)))).))).))).......(((.(........).))).((((..((((....)))))))).(((((((.(.(((((......))))).).)))))))(((((((....)))))))...........
bglX,GCGAGTGAATATTTTGAAAATTCAGACAATAAACTGAGCATTCTTTTTCTCTCTCCATCATGCTTATGGCAAACTACGGTTTTTGCACCATTTTCGCTGCCACGTCGGGCAACAAAGGAAGAAAAATCCATA,132,-25.1,..(((.(((......(((..(((((........)))))..)))...))).))).......((((...))))......(((......)))......(.((((......)))).)...(((.......)))...
bolA,GATGGATGACATCTCAGCGTTGTCGGAGGAGATATTTCA,39,-6.6,....((((((........)))))).((((.....)))).
clpB,AGTAGCAACTTTGATCCGTTATGGGAGGAGTTA,33,-7.3,......((((((..(((.....))).)))))).
cmr,GATTATTATTGGCGAAGAAATTGCA,25,-3.8,...........((((.....)))).
crp,TCCCAGGTAGCGGGAAGCATATTTCGGCAATCCAGAGACAGCGGCGTTATCTGGCTCTGGAGAAAGCTTATAACAGAGGATAACCGCGCA,90,-21.6,((((.......)))).((........))..(((((((.(((.........))).)))))))....((((((........))))..))...
crr,GCTGGGGATGGGTCTGGACGAATTCTCTATGAGCGCCATTTCTATCCCGCGCATTAAGAAGATTATCCGTAACACGAACTTCGAAGATGCGAAGGTGTTAGCAGAGCAGGCTCTTGCTCAACCGACAACGGACGAGTTAATGACGCTGGTTAACAAGTTCATTGAAGAAAAAACAATCTGCTAATCCACGAGATGCGGCCCAATTTACTGCTTAGGAGAAGATCA,225,-51.8,((..((((((((..(((.((..((......)).)))))..))))))))..)).................((((((...(((((......)))))))))))...((((((....))))))......(((.((((..((((((.......))))))..)))).)))...........((((.....(((.......((((.........))))...)))..))))..
cspA,AAGAGTTATCGTTGATACCCCTCGTAGTGCACATTCCTTTAACGCTTCAAAATCTGTAAAGCACGCCATATCGCCGAAAGGCACACTTAATTATTAAAGGTAATACACTA,110,-16.4,..(((.((((...))))...)))...(((((((.....................)))...))))........(((....))).........(((((....))))).....
cstA,ACACGCACACGGATAACAACTA,22,0.0,......................
cysB,GTATTAGTCACCCGCCAGGTGTGACGAAAAAACGATGTTCTGATGGCGTCTAAGTGGATGGTTTAACA,68,-14.6,......(((((((....)).)))))........((((((.....))))))...((..........)).
cysK,GTATCCCAATTTCATACAGTTAAGGACAGGCCA,33,-3.6,((((.........))))......((.....)).
dapB,GGTCTATGCAAATTAACAAAAGAGAATAGCTA,32,-2.1,.((..((....))..)).....((.....)).
dapD,TGTGTTTACTGATATGAAAAGAGTTTAACAA,31,-4.0,..((((.(((...........)))..)))).
degQ,GTTTTGAATCTCTTTTCTTATCATTCAGGTACGAGAGCAGGAATAA,46,-7.6,.(((((..((((.(.(((........))).).)))).)))))....
degS,GTTCCCTTTTTTAATGACGCCTCCATCA,28,-0.1,(((............)))..........
dinQ,GTTAGCTCTGAGGCATTTTCACTCTGGCAATGCGCATAAACGCTTTCAAAGTCCTGGTCAGAAGTACGGGTGGTGCCGTTAACTGATGCTCTGGCCGGAGTGAGAGAGTTCTTATCTAACAATGAGACATGCGCCGTGACAGGCAGTGGATGAGTAAGCGGATGCATTCTCACTCCATCGCATGGAGAAAACGGG,195,-57.2,(((((...((((((.(((((((((((((...((((((((..((..(((..((.((.......)).))...))).))..)))..)).)))....))))))))))))).)).)))).)))))..(((((.(((((((((.((...((.....)).))..)))).))))))))))((((((...))))))........
eda,ACCGGTGTTTCAAAATTGCGTTAGTTACCGATGGACGACTCTCCGGCGCTTCAGGTAAAGTGCCGTCAGCTATCCACGTAACACCAGAAGCCTACGATGGCGGGCTGCTGGCAAAAGTGCGCGACGGGGACATCATTCGTGTGAATGGACAGACAGGCGAACTGACGCTGCTGGTAGACGAAGCGGAACTGGCTGCTCGCGAACCGCACATTCCTGACCTGAGCGCGTCACGCGTGGGAACAGGACGTGAATTATTCAGCGCCTTGCGTGAAAAACTGTCCGGTGCCGAACAGGGCGCAACCTGTATCACTTTTTAAGACGACAAATTTGTAATCAGGCGAGAGAAAACTCTGA,354,-100.2,(((((((..........(((((((((.((..((...((.((((((((((...........(((((.(((((..(((((((............)))).)))..))))).))))).....))))..))))))..)).(((((....)))))))....))..))))))))))))))))......(((((......))))).(((...)))....(((((.(((..(((((...))))))))..)))))..((((...))))((((((((..((....(((....)))..))..))))))))..((((.((.((..(((........)))...)).))))))..((((....))))..
endA,GTTTTAACACGGAGTAAGTGA,21,-2.6,.......(((.......))).
exbD,GCACGCCAGATTGGCGGCTTTAAAGCGATGCTGGGTGATGTTGCAGCGCAGGTATTGTTGCTGCAAAGCCGTGACCTGGATCTGGAAGCCAGCGCCGCTGCGCATCCGGTTCGTGTCGCACAAAAATTACGCGCAGGATAATATCCGA,148,-52.1,((.(((((...))))))).....(((((((((..(((.((...)).))).)))))))))(((....))).(((((.((((.(((((.((((((...)))).)).))))))))).)))))................((((...))))..
fabB,GAAACTTACTCTATGTGCGACTTACAGAGGTATTGAA,37,-4.9,......(((.((.((((.....)))).))))).....
fadR,GCTGTGTTATGGAAATCTCACTA,23,-3.5,...(((..((....))..)))..
feaB,AGTCTTGTCAGGCATAGAGACATAAGCGGTTATTGTCACGATTTGCGGAGCTTGTCACAGCTGACAAAGCGAATGTCACAGCGAAAAAAGTGACTTTTCTTGTCGCTGCGTACACTGAAATCACACTGGGTAAATAATAAGGAAAAGTGA,150,-30.0,.((((....)))).....((((...........))))..(((((.(((....((((.((((.(((((...(((.(((((..........)))))..)))))))))))).).))))))))))).((((...(..........)...)))).
fhuE,TGCATTTACAAACAAAATTATTCGCACACTAAATATAATCGCTCATCACCCTCCTCCGGCATGAGCCTGACGACAACATAAACCAAGAGATTTCAAA,97,-9.8,(((....................)))..............((((((...((......)).))))))....................((....))...
fnrS,G,1,0.0,.
frr,ACTTCCACTGTGTGTGACTGTCTGGTCTGACTGAGACAAGTTTTCAAGGATTCGTAACG,59,-9.1,.......((.((...(((((((((((...))).))))).)))..)).))..........
fumA,TTTAACAGGGCAACGGAACACCCGCCCAGAGCATAACCAAACCAGGCAGTAAGTGAGAGAACAA,64,-10.6,.......((((...((....)).))))...((.............)).....((......))..
fur,GATACGCATTATCTCAAGAGCAAATTCTGTCACTTCTTCTAATGAAGTGAACCGCTTAGTAACAGGACAGATTCCGCA,78,-14.6,((((.....))))...(((......))).(((((((.......)))))))..............(((.....)))...
gadW,TGCTGCATTTACTTATTATCAATTAACTGTTATGCAAAACTACTTTGTGGATAAATTTTGGTCCTACCAAATCTGGCAGTTTTTGCGCTAAGAAACAGTCTGGCATCATTTCATTAGTATACTGAAATTGAAATAATCGCAGTATGAAATATAAGGGATAATCA,164,-28.4,...(((((..((...(((.....)))..)).)))))...((((...))))......((((((...))))))...(((.((((((......)))))).)))....(((.((..(((..(((((((..((((...))))..))))))).)))..))..))).....
gadX,TAATATGTTTATGTAATATTAAGTCAACTA,30,-2.3,((((((.........)))))).........
galE,ATACCATAAGCCTAATGGAGCGAATTA,27,-3.2,...((((.......)))).........
gcd,AAACCTATAATTAATTGCTACTAAAATATTAATGAATTGAAATGGTGTCTCTTTA,55,-5.3,..(((..(((((.((((.((......)).)))).)))))....))).........
glgS,ACTGATTGGGGAATACTGAAATCAGAAAAAGCATATGGCCTTAAAAGGTATGCGATAACCGGAGGATGTGCTTA,74,-18.1,.((((((.((.....))..))))))...((((((((..((((....(((........))).)))))))))))).
glk,AAGAATTATTTTGACTTTAGCGGAGCAGTTGAAGAA,36,-6.1,..............(((((((......)))))))..
glnS,GTTATACGTTGTTTACGCTTTGAGGAATCCACGA,34,-2.8,......(((.....)))....((....)).....
glpR,GTGCAGCAAAAATTCAGCGGGCCGTGGTTTGGCGGGCTTTCTGGCGTGGTGTATGCGCTGATGGGCTACGTCTGGCTACGTGGCGAACGCGATCCGCAAAGTGGCATTTACCTGCAACGTGGGTTAATTATCTTTGCGCTGATCTGGATTGTCGCCGGATGGTTTGATTTGTTTGGGATGTCGATGGCGAACGGAGCACACATCGCCGGGTTAGCCGTGGGTTTAGCGATGGCTTTTGTTGATTCGCTCAATGCGCGAAAACGAAAATAATTCCAGGGATTTATAAA,287,-82.9,(((((........((((((((((((.(((.(((.((((.(((((((..((((..((.(((.(..((((((((((((.(((.......((.(((((((((((....(((.((((((...)))))).)))...)))))))..))))))...))).))))))))..(((((...........)))))))))..)))).))))))..)))))))..))))....))).))).))))))..)))))).........)))))..........((((.((....)).))))...
gltA,TGAAGTCGGTATTTCACCTAAGATTAACTTATGTAACAGTGTGGAAGTATTGACCAATTCATTCGGGACAGTTATTAGTGGTAGACAAGTTTAATAATTCGGATTGCTAAGTACTTGATTCGCCATTTATTCGTCATCAATGGATCCTTTACCTGCAAGCGCCCAGAGCTCTGTACCCAGGTTTTCCCCTCTTTCACAGAGCGGCGAGCCAAATAAAAAACGGGTAAAGCCAGGTTGATGTGCGAAGGCAAATTTAAGTTCCGGCAGTCTTACGCAATAAGGCGCTAAGGAGACCTTAAA,300,-67.2,(((((((((((((((((.((((.....)))).)).........)))))))))))...))))..((((((.((..((((((((.((.............))..))))))))..))(.((((.(((.....((((((((((((((...(((((((((....((((....(((((((....(((......))).....)))))))))))..............))))))))))))..)))))).)))))))).)))).).))))))...((((((.....))))))..(((((...)))))..
gltX,GGTAGAAACCCGAACTACATTGAGGAATCAGGCGGGAGTGATAGAATATCGCCCACTTAATTTTTCCAGGATTTGCCGGTTGTCGGCATCTTTCTAAACGTAAGGCCATTTCA,113,-26.9,.((((.........))))...(((((((.(((..((.((((((...)))))))).))).))))))).((((..((((((...))))))...))))...(....).........
glyA,GCCGTTGTCCAACAGGACCGCCTATAAAGGCCAAAAATTTTATTGTTAGCTGAGTCAGGAGATGCGGA,68,-12.9,......((((....)))).((((....))))..................(((.(((....))).))).
gntK,CCGATAACAGTTACCCGTAACATTTTTAATTCTTGTATTGTGGGGGCACCACTT,54,-7.7,.........((((....))))..................((((.....))))..
gntR,ACGCTTCCGGGGTTTTGCCGCGTCGTTAGCACAATGCGATGCAATTGATTTAGTGTATATCTAATAATTGTAAACAAGCACTGTTTTCCCCGGGAAGGTTCTGATGTGTCCGTGTTAAACTAAGAGAATCTATCTCTTTTGTACCTTCAGGACGA,155,-36.6,....((((((((...(((.(((((((.........)))))))..(((.((..(..(((.....)))..)..)).)))))).......))))))))..(((((((.(.((.........((.((((((.....))))))..))))).)))))))..
gpt,GCGCAACCTATTTTCCCCTCGAACACTTTTTAAGCCGTAGATAAACAGGCTGGGACACTTCACA,64,-7.5,.............((((...............((((...........)))))))).........
gyrB,TAACCCAAGTATAAATGAGCGAGAAACGTTGA,32,-2.4,.................((((.....))))..
hisL,ATCAGTTGAATAAACATTCACAGAGACTTTTA,32,-2.6,.((.((.((((....)))))).))........
hns,AACAAACCACCCCAATATAAGTTTGAGATTACTACAA,37,-2.7,..(((((.............)))))............
htpG,TTTAACCTTAAAATGGCATTATTGAGGTAGACCTACA,37,-6.0,.((.(((((((..........))))))).))......
htpX,ATCGCATATTGCGTTTTGTTAAACTGAGGTAAAAAGAAAATTA,43,-4.3,..((((...))))((((.(((........))).))))......
hupB,AAGAGAAGAG,10,0.0,..........
ihfA,GACGTGTACCGCGGTAAGGGTGTTGCGGAGGGGTATAAGAGCCTCGCCATAAGCCTGATCCTGCAAGATACCAGCCGTACACTCGAAGAAGAGGAGATTGCCGCTACCGTCGCCAAATGTGTAGAGGCATTAAAAGAGCGATTCCAGGCATCATTGAGGGATTGAACCTA,170,-41.4,((.((((...(((((...(((((((((((.((((.((.(.((...))).)).))))..))).)))..))))).)))))))))))...........((.((((......(((((.....((((....)))).......)))))....))))))....(((.......))).
ihfB,ACTAAGGGCGGCTACGGCCGCCCTTAATCAATGCAGCAACAGCAGCCGCTTAATTTGCCTTTAAGGAACCGGAGGAATCA,80,-28.6,..((((((((((....))))))))))......((.((.......)).))........(((...))).....((....)).
ileX,TG,2,0.0,..
ilvA,ACGTCAGGTCTCCTTTGCCCTGCGTGCTTATGCCAGCCTGGCAACCAGCGCCGACAAAGGCGCGGTGCGCGATAAATCGAAACTGGGGGGTTAATAA,97,-28.9,(((.((((.(......).))))))).....(((((...)))))(((.(((((......))))))))...(((....))).((((....)))).....
ilvL,ATTCCTTCGAACAAGATGCAAGAAAAGACAAAA,33,-0.7,.(((..((......)).....))).........
ilvY,AACGTCACATTGCAATTTTTGCAACGTCAACATCGAGGGCTGTCCCTG,48,-10.9,...((.((.((((((...)))))).))..))....((((....)))).
infA,CGCAGAGTTGGTTACGCTCATTACCCCGCTGCCGATAAGGAATTTTTCGCGTCAGGTAACGCCCATCGTTTATCTCACCGCTCCCTTATACGTTGCGCTTTTGGTGCGGCTTAGCCGTGTGTTTTCGGAGTAATGTGCCGAACCTGTTTGTTGCGATTTAGCGCGCAAATCTTTACTTATTTACAGAACTTCGGCATTATCTTGCCGGTTCAAATTACGGTAGTGATACCCCAGAGGATTAGA,243,-54.1,((((....((((((.(((...((((.(((.((..((((((.......((.((.((((((((.....)).)))))).))))...))))))..)).))).....)))).))).))))))))))..(((((.........)))))....(((((.(((......))))))))................((((..(((((......))))))))).......((((....)))).............
infC,AGCACTTTTGGCTTCGAGAAGATCGTCGTCAAACTCTCCACTCGTCCTGAAAAACGTATTGGCAGCGACGAAATGTGGGATCGTGCTGAGGCGGACCTGGCGGTTGCGCTGGAAGAAAACAACATCCCGTTTGAATATCAACTGGGTGAAGGCGCTTTCTACGGTCCGAAAATTGAATTTACCCTGTATGACTGCCTCGATCGTGCATGGCAGTGCGGTACAGTACAGCTGGACTTCTCTTTGCCGTCTCGTCTGAGCGCTTCTTATGTAGGCGAAGACAATGAACGTAAAGTACCGGTAATGATTCACCGCGCAATTCTGGGGTCGATGGAACGTTTCATCGGTATCCTGACCGAAGAGTTCGCTGGTTTCTTCCCGACCTGGCTTGCGCCGGTTCAGGTTGTTATCATGAATATTACCGATTCACAGTCTGAATACGTTAACGAATTGACGCAAAAACTATCAAATGCGGGCATTCGTGTTAAAGCAGACTTGAGAAATGAGAAGATTGGCTTTAAAATCCGCGAGCACACTTTGCGTCGCGTCCCATATATGCTGGTCTGTGGTGATAAAGAGGTGGAATCAGGCAAAGTTGCCGTTCGCACCCGCCGTGGTAAAGACCTGGGAAGCATGGACGTAAATGAAGTGATCGAGAAGCTGCAACAAGAGATTCGCAGCCGCAGTCTTAAACAATTGGAGGAATAAGGTA,709,-197.1,(((((.((((((..(((.....)))..)))))).((.((((((((((((..((.....))..))).)))))...))))))..)))))....((((((.(..((..(((((...............((((.((((...)))).))))....)))))..))..)))))))........((((.((.(((..(((((((((((((((.((((((..(((((.....((.((((((.((((((.......((((((((...(((((.......))))).))))..((((.((((.((.(.((((((((((.(((((((((.((..((((((..((((((.(((.(((((......))))).)))..)).....))))...)))))))).))))).))))...))))))))))..).)).))))...)))).((((((......((((((...((.((((............))))..))....))))))..)))))).))))...)))))).)))))).))....))))).)).)).((((((((((.(((((........(((((..((((.......((((((((..((((....)))))))).)))))))).......)))))))))).))...))))))))))..)))))))))..(((((............))))).))))))....)))...))..))))......
ivbL,AAATATTGTTAAACACAAAACCAACAAGGTCCCCAA,36,-4.2,.....((((.....)))).(((.....)))......
katE,TTTTTTGACCAAAACAGCGGCCCTTTCAGTAATAAATTAAGGAGACGAGTTCAA,54,-3.3,............(((..((..((((..(((.....)))))))...)).)))...
kdsA,GTAATCCGCAAATTGCTGGATACACTCAAAGCCTCGTTGATGGAAGAAAATCAGATGGAGCTGGCGTTACGCACCAGCGAAGCTTTATTACAATTCAACCCTGAAGATCCCTATGAAATTCGCGATCGCGGGTTGATTTATGCGCAACTGGATTGCGAACACGTTGCGTTGAACGATTTAAGTTATTTCGTTGAACAGTGTCCGGAAGACCCGATCAGCGAAATGATCCGTGCGCAAATAAATAACATCGCGCATAAACATATTGTGCTGCATTAATTAATCGACATTTTACTCAAGATTAAGGCGATCCTA,312,-77.3,(((.((((((...))).))))))....(((((.((((((.((....((..((((......))))..))...)).)))))).))))).....((.(((((((.(..((((....(((...))).)))).)))))))).)).((((((..((((..((((.....)))).(((((...))))).((((((((((((.(.(.(((.....)))).).)))))))))))))))))))))).............((((((((.....)))))).)).....((((((..............))))))..........
ldrD,AAGCCGGAAAGGTTCCGGTGAGGCGCAATGTTGCGGGGGCTTTATCCCTGGTGGCATTGGTTGCTGGAGAGAGAAAACCCCCGCACGTTGCAGGTATGCACCTGACAACACCACGGGGGCTAATCTTGACTCTAGACCACTCAAGAATAGCCGCGAAACGTTGTCATTACAACACAGGCGGCTATA,186,-67.0,...((((((...))))))......(((((((.(((((((.(((.(((((((((((....)))))))).).)).))).))))))))))))))......((.((((.........)))).))...((((((...........))))))((((((((.....(((((....)))))....)))))))).
leuL,ATATCGCATTCATCTGGAGCTGATTTAA,28,-3.0,..((((..(((....)))..))))....
lgt,GCACCTTTGGAGCGCCTGAAACCTGCGGCGCGCATTTCAATCGCTGTTCTCTTTCAGCGAAATAACAAGAACTTGTGGTGACAGA,85,-21.1,.((((.((((((((((((.......))).))))..)))))((((((........))))))....((((....)))))))).....
lhr,GATAACGCTCAACTTACCGGTCTGTGCGACCGTTTTCGTGGTTTTTATCCTGTTGTGATCGATGTTGAAACAGCCGGATTTAACGCCAAAACCGATGCGCTGCTTGAGATTGCCGCCATCACCCTGAAAATGGATGAACAAGGCTGGCTGATGCCGGACACCACATTACATTTCCACGTCGAACCATTTGTCGGCGCAAATTTGCAACCAGAAGCCCTCGCCTTCAACGGCATTGACCCGAACGATCCCGATCGCGGCGCGGTCAGCGAATACGAGGCGCTGCACGAAATTTTTAAAGTTGTACGTAAAGGTATTAAAGCGAGCGGCTGTAACCGCGCCATTATGGTGGCGCACAATGCCAATTTTGATCACAGCTTTATGATGGCCGCCGCAGAACGCGCCTCACTGAAACGTAACCCGTTCCACCCTTTCGCCACTTTTGACACTGCTGCACTGGCCGGGCTGGCACTCGGACAAACCGTATTGTCAAAGGCTTGCCAGACCGCTGGCATGGACTTCGACAGCACCCAGGCGCACTCCGCGCTGTACGACACCGAACGCACTGCTGTGCTGTTTTGTGAAATCGTCAACCGCTGGAAACGTCTGGGAGGCTGGCCGCTATCTGCCGCCGAAGAGGTGTAATCGAGTCGATGCCTGATGACATGCAATGATTCAGGCATCTATAGTGAGGCTATTCCACGCATCCTGCATGATATTCACGGGGAATAGCGTTAA,735,-212.1,((......)).......(((((.....)))))......((((.((.((((.(((((..(((....))).))))).))))..)).)))).....((((.((.((........)).)))))).((.(....).))........(((((((....)))))...))..((((((((((...(((((((((..((((((((....((.((((((...(((((..(((.....(((.((((.......)))).)))...((((((..(((((((((...((((((((((.((..(((..(((((((((...(((((((((((.(((.....))).))...(((((((....)))))))...)))))...))))...))))))))).)))...))..)))....)))))))..((.((((.....)))).))....)))))......))))..))))))...))).)))))((((..(((.....)))...))))...)).)))).))..)))))))))))..)))))).((.((((((((...((((((.(..(((((((.((((((((....)))).)))).)))...))))..).))).)))..))))))))..)).(((.((.....)).)))...))))))))))......(((((((((...(((...)))..))))))))).....(((.((((((((..(((...))).(((...)))...)))))))).))).
lpdA,GGATAGAACGACCCGGTGGTGGTTAGGGTATTACTTCACATACCCTATGGATTTCTGGGTGCAGCAAGGTAGCAAGCGCCAGAATCCCCAGGAGCTTACATAAGTAAGTGACTGGGGTGAGGGCGTGAAGCTAACGCCGCTGCGGCCTGAAAGACGACGGGTATGACCGCCGGAGATAAATATATAGAGGTCATGA,196,-70.3,............((((((((.((.(((......))).)).(((((..((..((((.((.((((((..(.((((..(((((.....((((((..((((((....))))))..))))))....)))))...)))).)...)))))).)).))))..))..)))))..)))))))).(((............)))....
malI,AAGGTAAAACGTTTTATCTGTCACATAATCAGGGAGTAGGTCATCTGCA,49,-7.9,.(((((((....)))))))................(((((...))))).
malS,AATCGCAGCAATAAGGACTCATCCGCCA,28,-2.9,..............(((....)))....
malT,ATTAATTACGAAGCGCAAAAAAAATAATATTTCCTCATTTTCCACAGTGAAGTGATTAACTA,62,-6.1,.((((((((....(((....(((((...........))))).....)))..))))))))...
malZ,ATTTTCATCACAGGGGAATTATGA,24,-1.9,((((((.......)))))).....
metG,CGCCCCTTCTGCCGCCAGCGCCAGTGCCAGGTTTACCGCCGTGGACGATTTACCCACGCCGCCTTTACCGGAACTCACCGCGATAATGTTCTTCACACCGTTAATTCCCGGCTGATTCTTCACGCGTTTCAGAGTGGCTATGTTATGCGACAGTTTCCAGTCGATAGCTTTCGCCCCGGTGATGCGCAGCAGTTCGGCGCTACATTGCTCTTTTAACTCTTCGAACGCGCTATGCCAGACAAACGGCATAACCAGTTCCACATGCAACGTGTCGTCCATCCAGGCGACATGGTGCAACGCTTTCAGCGTGGTGAGGTTATGCTTCAGGGTTGGGTGCTGAAAATTGGCCAGTGTCCCGGCGACCATTGCGCGCAAGGCTTCTGGTGATTTGGCCTGGGATTGTTCGTTCATCCCGACTCCTTTTTTGTATAGATAAACCATCAGCTGATAGTTTACCTGAAGAATATAGAGAAGTACTTACTTAACATTTTCCCATTTGGTACTATCTAACCCCTTTTCACTATTAAGAAGTAATGCCTACTA,543,-139.7,.((.......)).(((((((((((.(((.((....))(((((((.........)))))..))..(((((((.((((..((((.....(....(((..(((........))).)))..)....)))).....))))(((.(.(((((.((((........)))))))))..).))))))))))(((((.(((((..((((((((((((.((..((.....((((...(((((..(((.((.....(((((((((..(.((((.((((.(((((((((......))))))))).))))..(((...))))))).).)))))))))))..)))..)))))))))))..)).))))))...)))).)))))))))))).)))..))))))..)))))..(((((.(.....).))))).........(((...(((.(((((.(((....))).))))).)))..)))..((((..((((((....................)))))).))))....................((((.....)))).
metY,AGATTTTACGTCCCGTCTCGGTACACCAAATCCCAGCAGTATTTGCATTTTTTACCCAAAACGAGTAGAATTTGCCACGTTTCAGGC,87,-14.5,.(((((...((.(((...))).))...)))))...(((.....)))...((((((.(.....).))))))...(((........)))
mngR,GATGAATTTATCGGGCATAATGGTTAAATTCGTATTAATGAGATACTAAAAA,52,-6.5,.((((((((((((.......))).)))))))))...................
mrcA,GTTTGTTTATAAACTGCCCAAATGAAACTAAATGGGAAATTTCCAG,46,-8.0,(((((....)))))..((((............))))..........
mreB,GCGCTGCGTCTCATGGGAGTGTGCTTGTCTGCTCGCCAGATTGTTGCAGCACATATGCAGATGAATGACCTTACGCGGTTGCAAACAGGCGAGGAATGCTGCTGATGCATTAAGCCTTTCTGGACTCAGGCAGAGATTTGTAACAAAGGAAACGAACTGCACTAATTTTCACCGTAGCAGATGATTTTTGCGCCTTGTCGCTGCTGCGTGTGGTTGGTAAAGTAAGCGGATTTTCTTTTCCGCCCCAGCTTTCAGGATTATCCCTTAGTA,270,-70.2,..((((((.....((((((((.(....).))))).)))......))))))......((................)).((((((((.((((....(((((.......)))))..)))).((((........))))..))))))))...(....)..(((..(((((...((((((((((((.((((...........)))))))))))).)))))))))..)))..(((((........)))))...........(((...))).......
nagE,AGATGATCTAACAATCTGATTACAGAACATCGGCAGTACAATTTGCAGCAAAATAAAAATACGGCTTGAAACGAGCCAAATAGGGTTCTCGTAGGGGGAATAAGA,105,-21.2,.((((.(((..............))).)))).((((......))))................((((((...))))))........(((((.....))))).....
ompC,AAAAGTTTTAGTATCATATTCGTGTTGGATTATTCTGCATTTTTGGGGAGAATGGACTTGCCGACTGATTAATGAGGGTTAATCAGTATGCAGTGGCATAAAAAAGCAAATAAAGGCATATAACAGAGGGTTAATAACA,139,-26.6,..((((((.....((.((...((((.(((...))).))))...))..))....))))))....((((((((((....))))))))))((((....))))......((........))...((((.....))))......
ompF,AGACACATAAAGACACCAAACTCTCATCAATAGTTCCGTAAATTTTTATTGACAGAACTTATTGACGGCAGTGGCAGGTGTCATAAAAAAAACCATGAGGGTAATAAATAA,111,-25.8,...........((((((..(((.((.((((((((((.((.(((....))).)).)))).)))))).)).)))....)))))).........(((.....))).........
ompX,AGGACTTATTTGAATCACATTTGAGGTGGTTA,32,-5.4,............((((((.......)))))).
osmE,ACACGCTGATAAACAAGAGGACGGAATA,28,-1.8,...((((...........)).)).....
otsA,CATTACAACAAAAAAGAGAAAATAACAGGAGTGATGACTA,40,-2.9,((((((........................))))))....
pflA,AAACAGACTCGACGTAGCCTTCGAGCTGCGCACCAACACGGCCTCAGATGGGCCACATCTGGAGAAACACCGCAA,75,-17.9,...(((.(((((........))))))))...........(((((.....)))))......((.......))....
pflB,TGAGTTATTCTGGCCGCAGCCTGATGGACAAAGCGTTCATTATGGTGCTGCCGGTCGCGATGTTTGTTGCCAGCGGTTTTGAGCACAGTATCGCAAACATGTTTATGATCCCGATGGGTATTGTAATCCGCGACTTCGCATCCCCGGAATTTTGGACCGCAGTCGGTTCTGCACCGGAAAATTTTTCTCACCTGACCGTGATGAATTTCATCACTGATAACCTGATTCCGGTTACGATCGGCAACATTATCGGTGGTGGTTTGTTGGTTGGGTTGACATACTGGGTCATTTACCTGCGTGAAAACGACCACCATTAATGGTTGTCGAAGTACGCAGTAAATAAAAAATCCACTTAAGAAGGTAGGTGTTACA,372,-113.1,.........(((((.(((.((((((((((.....)))))))).))))).)))))..(((((....)))))..(((((.(((....))).)))))........((((((((((...))).)))))))...(((....)))....((((......((((((....))))))....))))............(((((((((.........(((((((((((((..((.(.(((((....))))).).))))))))))))))).....)))))))))((((.......))))(((((.((((((....((((.((((....)))).))))...))))))))))).........((((((......)))))).....
pgk,ACGGAATTGCCGTTGGTCTCTGTAGATTTTAACCACGATCCGCACAGTGCCATTGTCGATGGCACCCAAACCCGGGTCAGTGGCGCACACCTGATCAAAACGTTGGTCTGGTGCGATAACGAATGGGGCTTTGCTAACCGAATGCTCGACACGACGTTAGCTATGGCTACTGTTGCTTTCAGGTAAGACGCAAGCAGCGTCTGCAAAACTTTTAGAATCAACGAGAGGATTCACCA,236,-69.9,((((.....)))).......(((.((((........)))).)))..((((((((...)))))))).....((((..((.((..(((((....((((((....))))))..)))))...)))).))))..(((((..((((((.((.......((((.((((....)))).)))))).))).))).((((((.....))))))))))).......(((((........)))))....
pheM,TTTTGAAGAGTACCAAAAGGTAACGCAAGCAA,32,-4.6,..(((.....((((....))))...)))....
pheP,CTCAACAAAAAAGACACACAGGGGAAAGGCG,31,-0.6,(((..................))).......
pheV,TG,2,0.0,..
phoH,TAAGTAGCAGCGGAAGTTCCCGGCAGTGATAGTCAGTCACTATGGAGATCGCGGA,55,-13.9,.........((((....(((((..((((((.....)))))).))).))))))...
pnp,ATGAATGATCTTCCGTTGCAGAGGTTCGCGCGGCTAATGAGAGGCTTTACCCACATAGAGCTGGGTTAGGGTTGTCATTAGTCGCGAGGATGCGCAGAAGATCGGGTATTAACACCAGTGCCGTAAGGTACTGTCTAAGAAAGAGAAAGGATATTACAT,159,-53.1,(((..((((((((.((.(((....(((.((((((((((((.((.(((.(((((........))))).))).)).)))))))))))).)))))))).))))))))..)))......(((((((....)))))))(((.......))).............
proC,AGCGATTATCAAAACAATGAATTTCACGGCAGGAGTGAGGCAA,43,-5.6,........(((......)))...((((.......)))).....
proK,TTC,3,0.0,...
proL,GAGTC,5,0.0,.....
proS,ACTTTTTTTTGTCCCAGGCTCGCCTTGAGCCTGTTCTACCTTCCAACTGGAACCGTAACAACA,63,-16.5,..............(((((((.....)))))))...(((.((((....))))..)))......
prs,CGTCGCGCCTGACTGGGACAGGGGCCTGTGTCTTTGCTGAATTTGATACAGAGTCTGAAGCCCGCCAGGTGCTAGAGCAAGCCCCGGAATGGCTCAATGGCTTTGTGGCGAAAGGCGCTAATCTTTCCCCATTGCACAGAGCCATGCTTTAAGCCGGGCAAGCTGAGTTTCGGTGACAACGTCACCTTGTTCCAGACGTTGCATCGCGCTCTTTAATACACCGCCTGGAAAGGATCATGCCTGGCCCGCACAGTTTTCGGCAGATTCTTTCCACCAATGGACGCATGCCTGAGGTTCTTCTCG,303,-97.6,....(((((((..((((....(((((((((((..(.....)...))))))).))))....)))).)))))))...(((..((((.((...(((...((((((((((((.((((((......)))))).)).....))))))))))))).....))))))..)))((((..(((((.(((((((...........)))))))))))).)))).........(((..(((((((((((.((((.................)))))))))))))))....)))..........((((....)))).
pspF,GCTGAACTGTTAATACAATTTGCGTGCCAATTTTTTATCTTTTTGATTTATAAAGATCTGATTGAAGAATCAACAGCAACATGCCAGGATGAGTTAGCGAATTACACTAACAAGTGGCGAATTTCATCA,129,-20.5,((((...(((((.(..(((((((..........((((((((.(((((((.(.((.......)).).)))))))..(((...))).))))))))...)))))))..).)))))..))))...........
pstS,GTAGCCAACAAACAATGCTTTATGAATCCTCCCAGGAGACATTA,44,-5.4,..(((...........)))..(((..((((...))))..)))..
putP,TTTGGAGACTTTAGA,15,-0.6,...(....)......
recA,CAACAGAACATATTGACTATCCGGTATTACCCGGCATGACAGGAGTAAAAA,51,-5.6,.......((...(((..(((((((......)))).))).)))..)).....
ribA,GTCGTGATTAGGTGAACCCCTTCTCGTTATGGCAAAATAAGCCAATACAGAACCAGCATTATCTGGAGAATTTCA,75,-12.5,((((((((.(((.(.....).))).))))))))...................((((......)))).........
rmf,CACATTTAGTAATCACTGTTTTCTTTTCCACCAGAAACCAGTATGAGGGAAACGAGGCA,59,-8.3,.((.....))....((((.(((((........))))).)))).....(....)......
rnb,ACCCGAGCACCCGATCGCTTTAGCGCCGCCCAGTTCAGCCCTTTACTCGAACACGAAAAATCATCAACGCAGATTATTAATCTGCTGGTATGGAGCGGGCTGTGTGGCTGGATAAATCGCTTAAAAATCGCGTTGGGTGAGACATATTAACCTTGCCGCGTCAGACAGATTCGCGTAAAACTGTCAGCCGCTCTAATGGCCACCAAAATAGACAATTA,218,-51.3,....((((.......(((....))).......))))..........(((....)))............(((((((...))))))).(((.((((((((..((((((((.((.(((.((((((((........))))))))......))).))..)))))).))(((((.((......)).)))))..))))))))...))).................
rnpB,G,1,0.0,.
rph,GCCACATTTGTTTCAAGCCGGAGATTTCAATA,32,-2.3,...((....))(((.....)))..........
rpiA,GAAATTTCATACCACAGGCGAAACGATCA,29,-1.5,....((((...........))))......
rplT,ACAGGAGAGCACATA,15,0.0,...............
rpoD,AAGAATATTGCTGAGCAAACCTTCACCGACTCACTCAACCATATGTTTGATTCGCTGCTTGAACTGCGCCAGGAAGAGTTAATCGCTCGTGAGCGCACGCATGGTTTAAGCAACGAAGAACGCCTGGAGCTCTGGACATTAAACCAGGAGCTGGCGAAAAAGTGATTTAACGGCTTAAGTGCCGAAGAGCGATCGGGAAGCCCCCGACAGCCGCACTGAGAGGCAGCGGCAAATATATAAGTACGCCCTCGTAATTATCGTTGGCGGTAAACAACCGTTGGATTTCAGCGTTAACGGCTGAAGGACATCGGGTCAATCGCCCAACACCAACCTCATGAAATAAGTGTGGATACCGTCTTA,360,-100.8,.......((((...))))..((((..(((.(((..((......))..))).))).((((((((((((((......((((.....))))....))))......))))))))))..))))..((((...((((((((........))).)))))))))..(((....)))..((((......))))........(((((.....)))))..(((((.((....))..)))))......((((.((((....)))).)))).(((((((((......(((.((..(((((((.......)))))))..)).)))....)))).))))).....((.(((.......))).))...........
rpoH,TGCAATGGGTTCCGTAGCAGGGAAAGAGACCCCGTTGTCTCTTCCCGGTATTTCATCTCTATGTCACATTTTGTGCGTAATTTATTCACAAGCTTGCATTGAACTTGTGGATAAAATCACGGTCTGATAAAACAGTGAATGATAACCTCGTTGCTCTTAAGCTCTGGCACAGTTGTTGCTACCACTGAAGCGCCAGAAGATATCGATTGAGAGGATTTGAA,221,-58.1,(((.((((...)))).)))(((((.(((((......)))))))))).............((((.((((...)))))))).((((((((((((.((.....)).)))))))))))).((((.((.(....).)).)))).........(((.(.(((((((..((((((.((((.((....)).))))....)))))).........))))))).)..))).
rpsO,GCTTAACGTCGCGTAAATTGTTTAACACTTTGCGTAACGTACACTGGGATCGCTGAATTAGAGATCGGCGTCCTTTCATTCTATATACTTTGGAGTTTTAAAA,103,-28.0,.....((((.(((((((.(((...))).))))))).))))......(((.((((((........)))))))))....((((((.......)))))).......
rpsT,GCCATCACTACGTAACGAGTGCCGGCACATTAACGGCGCTTATTTGCACAAATCCATTGACAAAAGAAGGCTAAAAGGGCATATTCCTCGGCCTTTGAATTGTCCATATAGAACACATTTGGGAGTTGGACCT,133,-31.9,...........((((.((((((((.........))))))))..)))).(((.(((((.(((((..(((((((...((((.....)))).)))))))...))))).))..............))).))).....
rpsU,CTTATAAAAGTCCCTTTCAAAAAAGGCCGCGGTGCTTTACAAAGCAGCAGCAATTGCAGTAAAATTCCGCACCATTTTGAAATAAGCTGGCGTTGATGCCAGCGGCAAACCGAATTAATCAAAGGTGAGAGGCACA,136,-34.9,..............((((((((..((..((((.(.(((((...((((......)))).))))).).)))).)).))))))))...((((((......)))))).((..(((............))).....))...
ruvC,TCTCTGATGAGGTCGCAGCGACTCTCTGATGAGGCCTGCTAAACAGCAAAACGGAGACGCGTGA,64,-15.7,.(((....(((((((...)))).)))....)))...((((....))))...((....)).....
sdaA,ATCGCGGTTTTTGATTAGTTTAATTCATGTGAATAGTTAAGCCAGTCGCCGCGTTCCCTCTTACACTATGCGCTGTTATTAGTTCGTTACTGGAAGTCCAGTCACCTTGTCAGGAGTATTATCG,124,-25.1,..((((((....((((.((((((((.((....)))))))))).))))))))))..............(((.((((....)))).))).(((((....)))))..(((....)))..........
serT,TCATTCCG,8,0.0,........
serW,TTGACCGTTTTACTCCAACTCCCTATAGTAGCGCCCCGTTGCCACCCATGAGGTTTGGTAGCAAAACAATTTG,73,-12.6,......(((((.((((((..((.(((.((.(((......))).))..))).)).)))).)).)))))......
serX,CCAGCAAGACAGGAACGACAATTTG,25,-0.2,((.........))............
sodB,ATACGCACAATAAGGCTATTGTACGTATGCAAATTAATAATAAAGGAGAGTAGCAA,56,-8.9,(((((.((((((....)))))).)))))............................
spy,TCGTCAACACGGCACGCTACTTAAGAAAGCCGTAATAAATAACTGAAAGGAAGGATATAGAATA,64,-10.8,........(((((...((.....))...))))).........((....))..............
ssnA,TGGCGCAAGACTTTGATAACAGCAGCAACCCAGGCTTCCTTGTGGAAGATTGCCGGGTACGAGTACGTCTGAATAACCAAAGCTGGGTGTTAAACATCGACAGCAAAGGTCAGTTTAACAACGTACCACCGGAGCTGAACGATATGTGCCGCATCATCAGCCATGTCCACCAGCATCATCATTATCTGCTGGGCCGCGTGGAGGTGTAATCA,212,-54.8,.((((((.....(((.......((((.((((.(((((((....))))....))))))).((.((((((.(((((.(((...(((((((((...)))))..))))...)))..)))))...))))))...))..))))..)))..))))))....((((..((((((...((((((...........))))))...)))))).))))......
ssrS,GAAGACAAAA,10,0.0,..........
talB,AGACCGGTTACATCCCCCTAACAAGCTGTTTAAAGAGAAATACTATCA,48,-2.7,.((..(((....((.....((((...))))....)).....))).)).
tcyJ,AGACATAACAACATTCGGGGTGAATA,26,-2.6,............((((.....)))).
thrL,ATAGCGCACAGACAGATAAAAATTACAGAGTACACAACATCCA,43,-0.6,.............................((.....)).....
thyA,ATGGGGCAAATTCTTTCCATCCCGATGATTGTCGCGGGTGTGATCATGATGGTCTGGGCATATCGTCGCAGCCCACAGCAACACGTTTCCTGAGGAACCA,100,-22.9,....(((....((..(((((((((((....)))).))))).))....))..))).((((...........))))..........(.((((...)))).).
tisB,GTACGCAATGTGTTATGCGGGGGCCGCATCGTTACCCGGCGCACTAAGTCCTGGCTGAAACGGGTGGTGCCGTCAGCGCCTTAACCCCGCGTGAGCACACTGTGTTATGTCAACAAGCACAACGTTTCTCCTTGAGATACCGCGTGCACAACAGCTGGCAACAGGCAGCGGAAAGGTACGTCAGCTGGCAGTGCTCCTGAACCACAGGAGACGCGTA,217,-73.6,((((((..((((((((((((((.......((((...((((((.......((((.......))))..))))))..))))......)))))))))).)))).((((((.........))))))..((.((((...)))).)).))))))....((((((((....................))))))))...(((((((((.....)))))).)))...
tonB,GACCTGGTTTTTCTACTGAAATGATTATGACTTCAA,36,-1.6,((...((((..((.........))....))))))..
trpL,AAGTTCACGTAAAAAGGGTATCGACAA,27,-0.7,.................((....))..
tsx,ATCACCTGGATTGATAGTAAAAGTTTGCAACAAGGGCGAAAGTCAGTACAATCCCCGCCCGAATGTGTGTAAACGTGAACGCAATCGATTACGTAAATGATAGAACTGTGAAACGAAACATATTTTTGTGAGCAATGATTTTTATAATAGGCTCCTCTGTATACGAAATATTTAGAAACGCAATTTGCGCCTTTTTCACTCCCGCAAGGGATTTTCAAACAGTGGCATACATA,233,-43.9,...((...(((((((.((....((((((((((.(((((.................)))))...))).)))))))......)).)))))))..)).....((((((.((((........)))).))))))((((....(((.....)))..)))).((((.(((.....))).))))..((((...))))..........((((....))))..........(((...)))...
tyrR,ATTGTTCTTTTTTCAGGTGAAGGTTCCCA,29,-2.2,...............((.((....)))).
uspA,CTTTACGGCTGGGTTAGCCCCGCGCACGTAGTTCGCAGGACGCGGGTGACGTAACGGCACAAGAAACGCTAGCTGGCCAGTCATCGACAACTTTATGGAAGGAGTAACACTA,112,-28.4,...((((((((((.....)))).)).))))...(((.....)))((((((....((((...((.....)).))))....))))))....(((((......))))).......
xapR,GTTTATGTATGTCGGATATCTGGTGGTGAAATACTTTATGCCATGATAATTTAATACGATGTATTTATTATATGGAGCACTTAATTA,87,-12.0,......((((.(((..(((...))).))).))))....((((...(((((..(((((...))))).)))))...).)))........
yajG,GAATTTTTACCAAACACGCTTAAGAGTCTCTGAGAGCCCGAACA,44,-5.0,.................((((.(((...)))..)))).......
yciE,ACAATTAGGTTACCGTAAAGCAGCGAAGCTTCTGAAAGAAACCCTGGAAGAAGAAAAGGCCACCGACATCAAACTGACTGATCTGGCCATTAATAACGTAAATAAGAAAGCCGAAAATAAAGCCTGAAATATGAATTTTAACTTTTAGTCATTTTATAAAGAGGACATTTTCA,173,-23.4,.............(((......)))...(((((...((.....))...)))))....(((((..((..(((.......))))))))))........................((((((....(((....((((((..((((...))))....))))))...)))..)))))).
yciG,GTGTCGACACACAACACTCATATTAATGAAACAATGCAACGCAACGGGAGAAATAACA,58,-8.2,((((....)))).....((((....)))).....(((...)))..(..(....)..).
yecF,CAAAAAACAACCACTGCTATTTTTAGCAAAGCTTATGGTATACTCCGCCGCCTTAACATTTTTCACCGCAAATTTTCATTGCAACATGACGAGGAAAATAAA,102,-13.5,..............(((((....)))))........(((.......)))......................((((((.(((((...)).))).))))))...
